raw, reference
/mnt/c/users/neezu/Desktop/Class/UTD/AIM/UIEB/raw-890/100_img_.png,/mnt/c/users/neezu/Desktop/Class/UTD/AIM/UIEB/reference-890/100_img_.png
/mnt/c/users/neezu/Desktop/Class/UTD/AIM/UIEB/raw-890/10139.png,/mnt/c/users/neezu/Desktop/Class/UTD/AIM/UIEB/reference-890/10139.png
/mnt/c/users/neezu/Desktop/Class/UTD/AIM/UIEB/raw-890/10151.png,/mnt/c/users/neezu/Desktop/Class/UTD/AIM/UIEB/reference-890/10151.png
/mnt/c/users/neezu/Desktop/Class/UTD/AIM/UIEB/raw-890/101_img_.png,/mnt/c/users/neezu/Desktop/Class/UTD/AIM/UIEB/reference-890/101_img_.png
/mnt/c/users/neezu/Desktop/Class/UTD/AIM/UIEB/raw-890/102_img_.png,/mnt/c/users/neezu/Desktop/Class/UTD/AIM/UIEB/reference-890/102_img_.png
/mnt/c/users/neezu/Desktop/Class/UTD/AIM/UIEB/raw-890/104_img_.png,/mnt/c/users/neezu/Desktop/Class/UTD/AIM/UIEB/reference-890/104_img_.png
/mnt/c/users/neezu/Desktop/Class/UTD/AIM/UIEB/raw-890/105_img_.png,/mnt/c/users/neezu/Desktop/Class/UTD/AIM/UIEB/reference-890/105_img_.png
/mnt/c/users/neezu/Desktop/Class/UTD/AIM/UIEB/raw-890/106_img_.png,/mnt/c/users/neezu/Desktop/Class/UTD/AIM/UIEB/reference-890/106_img_.png
/mnt/c/users/neezu/Desktop/Class/UTD/AIM/UIEB/raw-890/107_img_.png,/mnt/c/users/neezu/Desktop/Class/UTD/AIM/UIEB/reference-890/107_img_.png
/mnt/c/users/neezu/Desktop/Class/UTD/AIM/UIEB/raw-890/108_img_.png,/mnt/c/users/neezu/Desktop/Class/UTD/AIM/UIEB/reference-890/108_img_.png
/mnt/c/users/neezu/Desktop/Class/UTD/AIM/UIEB/raw-890/10909.png,/mnt/c/users/neezu/Desktop/Class/UTD/AIM/UIEB/reference-890/10909.png
/mnt/c/users/neezu/Desktop/Class/UTD/AIM/UIEB/raw-890/10945.png,/mnt/c/users/neezu/Desktop/Class/UTD/AIM/UIEB/reference-890/10945.png
/mnt/c/users/neezu/Desktop/Class/UTD/AIM/UIEB/raw-890/109_img_.png,/mnt/c/users/neezu/Desktop/Class/UTD/AIM/UIEB/reference-890/109_img_.png
/mnt/c/users/neezu/Desktop/Class/UTD/AIM/UIEB/raw-890/10_img_.png,/mnt/c/users/neezu/Desktop/Class/UTD/AIM/UIEB/reference-890/10_img_.png
/mnt/c/users/neezu/Desktop/Class/UTD/AIM/UIEB/raw-890/11052.png,/mnt/c/users/neezu/Desktop/Class/UTD/AIM/UIEB/reference-890/11052.png
/mnt/c/users/neezu/Desktop/Class/UTD/AIM/UIEB/raw-890/11064.png,/mnt/c/users/neezu/Desktop/Class/UTD/AIM/UIEB/reference-890/11064.png
/mnt/c/users/neezu/Desktop/Class/UTD/AIM/UIEB/raw-890/111_img_.png,/mnt/c/users/neezu/Desktop/Class/UTD/AIM/UIEB/reference-890/111_img_.png
/mnt/c/users/neezu/Desktop/Class/UTD/AIM/UIEB/raw-890/112_img_.png,/mnt/c/users/neezu/Desktop/Class/UTD/AIM/UIEB/reference-890/112_img_.png
/mnt/c/users/neezu/Desktop/Class/UTD/AIM/UIEB/raw-890/11374.png,/mnt/c/users/neezu/Desktop/Class/UTD/AIM/UIEB/reference-890/11374.png
/mnt/c/users/neezu/Desktop/Class/UTD/AIM/UIEB/raw-890/11398.png,/mnt/c/users/neezu/Desktop/Class/UTD/AIM/UIEB/reference-890/11398.png
/mnt/c/users/neezu/Desktop/Class/UTD/AIM/UIEB/raw-890/113_img_.png,/mnt/c/users/neezu/Desktop/Class/UTD/AIM/UIEB/reference-890/113_img_.png
/mnt/c/users/neezu/Desktop/Class/UTD/AIM/UIEB/raw-890/114_img_.png,/mnt/c/users/neezu/Desktop/Class/UTD/AIM/UIEB/reference-890/114_img_.png
/mnt/c/users/neezu/Desktop/Class/UTD/AIM/UIEB/raw-890/115_img_.png,/mnt/c/users/neezu/Desktop/Class/UTD/AIM/UIEB/reference-890/115_img_.png
/mnt/c/users/neezu/Desktop/Class/UTD/AIM/UIEB/raw-890/116_img_.png,/mnt/c/users/neezu/Desktop/Class/UTD/AIM/UIEB/reference-890/116_img_.png
/mnt/c/users/neezu/Desktop/Class/UTD/AIM/UIEB/raw-890/117_img_.png,/mnt/c/users/neezu/Desktop/Class/UTD/AIM/UIEB/reference-890/117_img_.png
/mnt/c/users/neezu/Desktop/Class/UTD/AIM/UIEB/raw-890/118_img_.png,/mnt/c/users/neezu/Desktop/Class/UTD/AIM/UIEB/reference-890/118_img_.png
/mnt/c/users/neezu/Desktop/Class/UTD/AIM/UIEB/raw-890/11_img_.png,/mnt/c/users/neezu/Desktop/Class/UTD/AIM/UIEB/reference-890/11_img_.png
/mnt/c/users/neezu/Desktop/Class/UTD/AIM/UIEB/raw-890/120_img_.png,/mnt/c/users/neezu/Desktop/Class/UTD/AIM/UIEB/reference-890/120_img_.png
/mnt/c/users/neezu/Desktop/Class/UTD/AIM/UIEB/raw-890/121_img_.png,/mnt/c/users/neezu/Desktop/Class/UTD/AIM/UIEB/reference-890/121_img_.png
/mnt/c/users/neezu/Desktop/Class/UTD/AIM/UIEB/raw-890/1225.png,/mnt/c/users/neezu/Desktop/Class/UTD/AIM/UIEB/reference-890/1225.png
/mnt/c/users/neezu/Desktop/Class/UTD/AIM/UIEB/raw-890/12290.png,/mnt/c/users/neezu/Desktop/Class/UTD/AIM/UIEB/reference-890/12290.png
/mnt/c/users/neezu/Desktop/Class/UTD/AIM/UIEB/raw-890/12299.png,/mnt/c/users/neezu/Desktop/Class/UTD/AIM/UIEB/reference-890/12299.png
/mnt/c/users/neezu/Desktop/Class/UTD/AIM/UIEB/raw-890/122_img_.png,/mnt/c/users/neezu/Desktop/Class/UTD/AIM/UIEB/reference-890/122_img_.png
/mnt/c/users/neezu/Desktop/Class/UTD/AIM/UIEB/raw-890/12324.png,/mnt/c/users/neezu/Desktop/Class/UTD/AIM/UIEB/reference-890/12324.png
/mnt/c/users/neezu/Desktop/Class/UTD/AIM/UIEB/raw-890/12336.png,/mnt/c/users/neezu/Desktop/Class/UTD/AIM/UIEB/reference-890/12336.png
/mnt/c/users/neezu/Desktop/Class/UTD/AIM/UIEB/raw-890/12348.png,/mnt/c/users/neezu/Desktop/Class/UTD/AIM/UIEB/reference-890/12348.png
/mnt/c/users/neezu/Desktop/Class/UTD/AIM/UIEB/raw-890/123_img_.png,/mnt/c/users/neezu/Desktop/Class/UTD/AIM/UIEB/reference-890/123_img_.png
/mnt/c/users/neezu/Desktop/Class/UTD/AIM/UIEB/raw-890/12422.png,/mnt/c/users/neezu/Desktop/Class/UTD/AIM/UIEB/reference-890/12422.png
/mnt/c/users/neezu/Desktop/Class/UTD/AIM/UIEB/raw-890/12433.png,/mnt/c/users/neezu/Desktop/Class/UTD/AIM/UIEB/reference-890/12433.png
/mnt/c/users/neezu/Desktop/Class/UTD/AIM/UIEB/raw-890/12445.png,/mnt/c/users/neezu/Desktop/Class/UTD/AIM/UIEB/reference-890/12445.png
/mnt/c/users/neezu/Desktop/Class/UTD/AIM/UIEB/raw-890/124_img_.png,/mnt/c/users/neezu/Desktop/Class/UTD/AIM/UIEB/reference-890/124_img_.png
/mnt/c/users/neezu/Desktop/Class/UTD/AIM/UIEB/raw-890/125_img_.png,/mnt/c/users/neezu/Desktop/Class/UTD/AIM/UIEB/reference-890/125_img_.png
/mnt/c/users/neezu/Desktop/Class/UTD/AIM/UIEB/raw-890/12900.png,/mnt/c/users/neezu/Desktop/Class/UTD/AIM/UIEB/reference-890/12900.png
/mnt/c/users/neezu/Desktop/Class/UTD/AIM/UIEB/raw-890/129_img_.png,/mnt/c/users/neezu/Desktop/Class/UTD/AIM/UIEB/reference-890/129_img_.png
/mnt/c/users/neezu/Desktop/Class/UTD/AIM/UIEB/raw-890/130_img_.png,/mnt/c/users/neezu/Desktop/Class/UTD/AIM/UIEB/reference-890/130_img_.png
/mnt/c/users/neezu/Desktop/Class/UTD/AIM/UIEB/raw-890/131_img_.png,/mnt/c/users/neezu/Desktop/Class/UTD/AIM/UIEB/reference-890/131_img_.png
/mnt/c/users/neezu/Desktop/Class/UTD/AIM/UIEB/raw-890/133_img_.png,/mnt/c/users/neezu/Desktop/Class/UTD/AIM/UIEB/reference-890/133_img_.png
/mnt/c/users/neezu/Desktop/Class/UTD/AIM/UIEB/raw-890/135_img_.png,/mnt/c/users/neezu/Desktop/Class/UTD/AIM/UIEB/reference-890/135_img_.png
/mnt/c/users/neezu/Desktop/Class/UTD/AIM/UIEB/raw-890/136_img_.png,/mnt/c/users/neezu/Desktop/Class/UTD/AIM/UIEB/reference-890/136_img_.png
/mnt/c/users/neezu/Desktop/Class/UTD/AIM/UIEB/raw-890/137_img_.png,/mnt/c/users/neezu/Desktop/Class/UTD/AIM/UIEB/reference-890/137_img_.png
/mnt/c/users/neezu/Desktop/Class/UTD/AIM/UIEB/raw-890/138_img_.png,/mnt/c/users/neezu/Desktop/Class/UTD/AIM/UIEB/reference-890/138_img_.png
/mnt/c/users/neezu/Desktop/Class/UTD/AIM/UIEB/raw-890/139_img_.png,/mnt/c/users/neezu/Desktop/Class/UTD/AIM/UIEB/reference-890/139_img_.png
/mnt/c/users/neezu/Desktop/Class/UTD/AIM/UIEB/raw-890/13_img_.png,/mnt/c/users/neezu/Desktop/Class/UTD/AIM/UIEB/reference-890/13_img_.png
/mnt/c/users/neezu/Desktop/Class/UTD/AIM/UIEB/raw-890/1407.png,/mnt/c/users/neezu/Desktop/Class/UTD/AIM/UIEB/reference-890/1407.png
/mnt/c/users/neezu/Desktop/Class/UTD/AIM/UIEB/raw-890/140_img_.png,/mnt/c/users/neezu/Desktop/Class/UTD/AIM/UIEB/reference-890/140_img_.png
/mnt/c/users/neezu/Desktop/Class/UTD/AIM/UIEB/raw-890/141_img_.png,/mnt/c/users/neezu/Desktop/Class/UTD/AIM/UIEB/reference-890/141_img_.png
/mnt/c/users/neezu/Desktop/Class/UTD/AIM/UIEB/raw-890/142_img_.png,/mnt/c/users/neezu/Desktop/Class/UTD/AIM/UIEB/reference-890/142_img_.png
/mnt/c/users/neezu/Desktop/Class/UTD/AIM/UIEB/raw-890/143_img_.png,/mnt/c/users/neezu/Desktop/Class/UTD/AIM/UIEB/reference-890/143_img_.png
/mnt/c/users/neezu/Desktop/Class/UTD/AIM/UIEB/raw-890/144_img_.png,/mnt/c/users/neezu/Desktop/Class/UTD/AIM/UIEB/reference-890/144_img_.png
/mnt/c/users/neezu/Desktop/Class/UTD/AIM/UIEB/raw-890/145_img_.png,/mnt/c/users/neezu/Desktop/Class/UTD/AIM/UIEB/reference-890/145_img_.png
/mnt/c/users/neezu/Desktop/Class/UTD/AIM/UIEB/raw-890/146_img_.png,/mnt/c/users/neezu/Desktop/Class/UTD/AIM/UIEB/reference-890/146_img_.png
/mnt/c/users/neezu/Desktop/Class/UTD/AIM/UIEB/raw-890/148_img_.png,/mnt/c/users/neezu/Desktop/Class/UTD/AIM/UIEB/reference-890/148_img_.png
/mnt/c/users/neezu/Desktop/Class/UTD/AIM/UIEB/raw-890/1491.png,/mnt/c/users/neezu/Desktop/Class/UTD/AIM/UIEB/reference-890/1491.png
/mnt/c/users/neezu/Desktop/Class/UTD/AIM/UIEB/raw-890/149_img_.png,/mnt/c/users/neezu/Desktop/Class/UTD/AIM/UIEB/reference-890/149_img_.png
/mnt/c/users/neezu/Desktop/Class/UTD/AIM/UIEB/raw-890/14_img_.png,/mnt/c/users/neezu/Desktop/Class/UTD/AIM/UIEB/reference-890/14_img_.png
/mnt/c/users/neezu/Desktop/Class/UTD/AIM/UIEB/raw-890/15001.png,/mnt/c/users/neezu/Desktop/Class/UTD/AIM/UIEB/reference-890/15001.png
/mnt/c/users/neezu/Desktop/Class/UTD/AIM/UIEB/raw-890/15003.png,/mnt/c/users/neezu/Desktop/Class/UTD/AIM/UIEB/reference-890/15003.png
/mnt/c/users/neezu/Desktop/Class/UTD/AIM/UIEB/raw-890/15045.png,/mnt/c/users/neezu/Desktop/Class/UTD/AIM/UIEB/reference-890/15045.png
/mnt/c/users/neezu/Desktop/Class/UTD/AIM/UIEB/raw-890/15094.png,/mnt/c/users/neezu/Desktop/Class/UTD/AIM/UIEB/reference-890/15094.png
/mnt/c/users/neezu/Desktop/Class/UTD/AIM/UIEB/raw-890/150_img_.png,/mnt/c/users/neezu/Desktop/Class/UTD/AIM/UIEB/reference-890/150_img_.png
/mnt/c/users/neezu/Desktop/Class/UTD/AIM/UIEB/raw-890/15113.png,/mnt/c/users/neezu/Desktop/Class/UTD/AIM/UIEB/reference-890/15113.png
/mnt/c/users/neezu/Desktop/Class/UTD/AIM/UIEB/raw-890/15136.png,/mnt/c/users/neezu/Desktop/Class/UTD/AIM/UIEB/reference-890/15136.png
/mnt/c/users/neezu/Desktop/Class/UTD/AIM/UIEB/raw-890/151_img_.png,/mnt/c/users/neezu/Desktop/Class/UTD/AIM/UIEB/reference-890/151_img_.png
/mnt/c/users/neezu/Desktop/Class/UTD/AIM/UIEB/raw-890/152_img_.png,/mnt/c/users/neezu/Desktop/Class/UTD/AIM/UIEB/reference-890/152_img_.png
/mnt/c/users/neezu/Desktop/Class/UTD/AIM/UIEB/raw-890/1539.png,/mnt/c/users/neezu/Desktop/Class/UTD/AIM/UIEB/reference-890/1539.png
/mnt/c/users/neezu/Desktop/Class/UTD/AIM/UIEB/raw-890/153_img_.png,/mnt/c/users/neezu/Desktop/Class/UTD/AIM/UIEB/reference-890/153_img_.png
/mnt/c/users/neezu/Desktop/Class/UTD/AIM/UIEB/raw-890/15418.png,/mnt/c/users/neezu/Desktop/Class/UTD/AIM/UIEB/reference-890/15418.png
/mnt/c/users/neezu/Desktop/Class/UTD/AIM/UIEB/raw-890/15426.png,/mnt/c/users/neezu/Desktop/Class/UTD/AIM/UIEB/reference-890/15426.png
/mnt/c/users/neezu/Desktop/Class/UTD/AIM/UIEB/raw-890/154_img_.png,/mnt/c/users/neezu/Desktop/Class/UTD/AIM/UIEB/reference-890/154_img_.png
/mnt/c/users/neezu/Desktop/Class/UTD/AIM/UIEB/raw-890/15544.png,/mnt/c/users/neezu/Desktop/Class/UTD/AIM/UIEB/reference-890/15544.png
/mnt/c/users/neezu/Desktop/Class/UTD/AIM/UIEB/raw-890/155_img_.png,/mnt/c/users/neezu/Desktop/Class/UTD/AIM/UIEB/reference-890/155_img_.png
/mnt/c/users/neezu/Desktop/Class/UTD/AIM/UIEB/raw-890/156_img_.png,/mnt/c/users/neezu/Desktop/Class/UTD/AIM/UIEB/reference-890/156_img_.png
/mnt/c/users/neezu/Desktop/Class/UTD/AIM/UIEB/raw-890/15704.png,/mnt/c/users/neezu/Desktop/Class/UTD/AIM/UIEB/reference-890/15704.png
/mnt/c/users/neezu/Desktop/Class/UTD/AIM/UIEB/raw-890/1573.png,/mnt/c/users/neezu/Desktop/Class/UTD/AIM/UIEB/reference-890/1573.png
/mnt/c/users/neezu/Desktop/Class/UTD/AIM/UIEB/raw-890/157_img_.png,/mnt/c/users/neezu/Desktop/Class/UTD/AIM/UIEB/reference-890/157_img_.png
/mnt/c/users/neezu/Desktop/Class/UTD/AIM/UIEB/raw-890/158_img_.png,/mnt/c/users/neezu/Desktop/Class/UTD/AIM/UIEB/reference-890/158_img_.png
/mnt/c/users/neezu/Desktop/Class/UTD/AIM/UIEB/raw-890/159_img_.png,/mnt/c/users/neezu/Desktop/Class/UTD/AIM/UIEB/reference-890/159_img_.png
/mnt/c/users/neezu/Desktop/Class/UTD/AIM/UIEB/raw-890/15_img_.png,/mnt/c/users/neezu/Desktop/Class/UTD/AIM/UIEB/reference-890/15_img_.png
/mnt/c/users/neezu/Desktop/Class/UTD/AIM/UIEB/raw-890/160_img_.png,/mnt/c/users/neezu/Desktop/Class/UTD/AIM/UIEB/reference-890/160_img_.png
/mnt/c/users/neezu/Desktop/Class/UTD/AIM/UIEB/raw-890/161_img_.png,/mnt/c/users/neezu/Desktop/Class/UTD/AIM/UIEB/reference-890/161_img_.png
/mnt/c/users/neezu/Desktop/Class/UTD/AIM/UIEB/raw-890/162_img_.png,/mnt/c/users/neezu/Desktop/Class/UTD/AIM/UIEB/reference-890/162_img_.png
/mnt/c/users/neezu/Desktop/Class/UTD/AIM/UIEB/raw-890/163_img_.png,/mnt/c/users/neezu/Desktop/Class/UTD/AIM/UIEB/reference-890/163_img_.png
/mnt/c/users/neezu/Desktop/Class/UTD/AIM/UIEB/raw-890/164_img_.png,/mnt/c/users/neezu/Desktop/Class/UTD/AIM/UIEB/reference-890/164_img_.png
/mnt/c/users/neezu/Desktop/Class/UTD/AIM/UIEB/raw-890/165_img_.png,/mnt/c/users/neezu/Desktop/Class/UTD/AIM/UIEB/reference-890/165_img_.png
/mnt/c/users/neezu/Desktop/Class/UTD/AIM/UIEB/raw-890/1660.png,/mnt/c/users/neezu/Desktop/Class/UTD/AIM/UIEB/reference-890/1660.png
/mnt/c/users/neezu/Desktop/Class/UTD/AIM/UIEB/raw-890/166_img_.png,/mnt/c/users/neezu/Desktop/Class/UTD/AIM/UIEB/reference-890/166_img_.png
/mnt/c/users/neezu/Desktop/Class/UTD/AIM/UIEB/raw-890/168_img_.png,/mnt/c/users/neezu/Desktop/Class/UTD/AIM/UIEB/reference-890/168_img_.png
/mnt/c/users/neezu/Desktop/Class/UTD/AIM/UIEB/raw-890/169_img_.png,/mnt/c/users/neezu/Desktop/Class/UTD/AIM/UIEB/reference-890/169_img_.png
/mnt/c/users/neezu/Desktop/Class/UTD/AIM/UIEB/raw-890/16_img_.png,/mnt/c/users/neezu/Desktop/Class/UTD/AIM/UIEB/reference-890/16_img_.png
/mnt/c/users/neezu/Desktop/Class/UTD/AIM/UIEB/raw-890/170_img_.png,/mnt/c/users/neezu/Desktop/Class/UTD/AIM/UIEB/reference-890/170_img_.png
/mnt/c/users/neezu/Desktop/Class/UTD/AIM/UIEB/raw-890/171_img_.png,/mnt/c/users/neezu/Desktop/Class/UTD/AIM/UIEB/reference-890/171_img_.png
/mnt/c/users/neezu/Desktop/Class/UTD/AIM/UIEB/raw-890/172_img_.png,/mnt/c/users/neezu/Desktop/Class/UTD/AIM/UIEB/reference-890/172_img_.png
/mnt/c/users/neezu/Desktop/Class/UTD/AIM/UIEB/raw-890/173_img_.png,/mnt/c/users/neezu/Desktop/Class/UTD/AIM/UIEB/reference-890/173_img_.png
/mnt/c/users/neezu/Desktop/Class/UTD/AIM/UIEB/raw-890/1742.png,/mnt/c/users/neezu/Desktop/Class/UTD/AIM/UIEB/reference-890/1742.png
/mnt/c/users/neezu/Desktop/Class/UTD/AIM/UIEB/raw-890/174_img_.png,/mnt/c/users/neezu/Desktop/Class/UTD/AIM/UIEB/reference-890/174_img_.png
/mnt/c/users/neezu/Desktop/Class/UTD/AIM/UIEB/raw-890/175_img_.png,/mnt/c/users/neezu/Desktop/Class/UTD/AIM/UIEB/reference-890/175_img_.png
/mnt/c/users/neezu/Desktop/Class/UTD/AIM/UIEB/raw-890/176_img_.png,/mnt/c/users/neezu/Desktop/Class/UTD/AIM/UIEB/reference-890/176_img_.png
/mnt/c/users/neezu/Desktop/Class/UTD/AIM/UIEB/raw-890/177_img_.png,/mnt/c/users/neezu/Desktop/Class/UTD/AIM/UIEB/reference-890/177_img_.png
/mnt/c/users/neezu/Desktop/Class/UTD/AIM/UIEB/raw-890/178_img_.png,/mnt/c/users/neezu/Desktop/Class/UTD/AIM/UIEB/reference-890/178_img_.png
/mnt/c/users/neezu/Desktop/Class/UTD/AIM/UIEB/raw-890/179_img_.png,/mnt/c/users/neezu/Desktop/Class/UTD/AIM/UIEB/reference-890/179_img_.png
/mnt/c/users/neezu/Desktop/Class/UTD/AIM/UIEB/raw-890/17_img_.png,/mnt/c/users/neezu/Desktop/Class/UTD/AIM/UIEB/reference-890/17_img_.png
/mnt/c/users/neezu/Desktop/Class/UTD/AIM/UIEB/raw-890/180_img_.png,/mnt/c/users/neezu/Desktop/Class/UTD/AIM/UIEB/reference-890/180_img_.png
/mnt/c/users/neezu/Desktop/Class/UTD/AIM/UIEB/raw-890/182_img_.png,/mnt/c/users/neezu/Desktop/Class/UTD/AIM/UIEB/reference-890/182_img_.png
/mnt/c/users/neezu/Desktop/Class/UTD/AIM/UIEB/raw-890/183_img_.png,/mnt/c/users/neezu/Desktop/Class/UTD/AIM/UIEB/reference-890/183_img_.png
/mnt/c/users/neezu/Desktop/Class/UTD/AIM/UIEB/raw-890/184_img_.png,/mnt/c/users/neezu/Desktop/Class/UTD/AIM/UIEB/reference-890/184_img_.png
/mnt/c/users/neezu/Desktop/Class/UTD/AIM/UIEB/raw-890/185_img_.png,/mnt/c/users/neezu/Desktop/Class/UTD/AIM/UIEB/reference-890/185_img_.png
/mnt/c/users/neezu/Desktop/Class/UTD/AIM/UIEB/raw-890/186_img_.png,/mnt/c/users/neezu/Desktop/Class/UTD/AIM/UIEB/reference-890/186_img_.png
/mnt/c/users/neezu/Desktop/Class/UTD/AIM/UIEB/raw-890/187_img_.png,/mnt/c/users/neezu/Desktop/Class/UTD/AIM/UIEB/reference-890/187_img_.png
/mnt/c/users/neezu/Desktop/Class/UTD/AIM/UIEB/raw-890/188_img_.png,/mnt/c/users/neezu/Desktop/Class/UTD/AIM/UIEB/reference-890/188_img_.png
/mnt/c/users/neezu/Desktop/Class/UTD/AIM/UIEB/raw-890/189_img_.png,/mnt/c/users/neezu/Desktop/Class/UTD/AIM/UIEB/reference-890/189_img_.png
/mnt/c/users/neezu/Desktop/Class/UTD/AIM/UIEB/raw-890/18_img_.png,/mnt/c/users/neezu/Desktop/Class/UTD/AIM/UIEB/reference-890/18_img_.png
/mnt/c/users/neezu/Desktop/Class/UTD/AIM/UIEB/raw-890/190_img_.png,/mnt/c/users/neezu/Desktop/Class/UTD/AIM/UIEB/reference-890/190_img_.png
/mnt/c/users/neezu/Desktop/Class/UTD/AIM/UIEB/raw-890/191_img_.png,/mnt/c/users/neezu/Desktop/Class/UTD/AIM/UIEB/reference-890/191_img_.png
/mnt/c/users/neezu/Desktop/Class/UTD/AIM/UIEB/raw-890/192_img_.png,/mnt/c/users/neezu/Desktop/Class/UTD/AIM/UIEB/reference-890/192_img_.png
/mnt/c/users/neezu/Desktop/Class/UTD/AIM/UIEB/raw-890/193_img_.png,/mnt/c/users/neezu/Desktop/Class/UTD/AIM/UIEB/reference-890/193_img_.png
/mnt/c/users/neezu/Desktop/Class/UTD/AIM/UIEB/raw-890/194_img_.png,/mnt/c/users/neezu/Desktop/Class/UTD/AIM/UIEB/reference-890/194_img_.png
/mnt/c/users/neezu/Desktop/Class/UTD/AIM/UIEB/raw-890/1957.png,/mnt/c/users/neezu/Desktop/Class/UTD/AIM/UIEB/reference-890/1957.png
/mnt/c/users/neezu/Desktop/Class/UTD/AIM/UIEB/raw-890/195_img_.png,/mnt/c/users/neezu/Desktop/Class/UTD/AIM/UIEB/reference-890/195_img_.png
/mnt/c/users/neezu/Desktop/Class/UTD/AIM/UIEB/raw-890/196_img_.png,/mnt/c/users/neezu/Desktop/Class/UTD/AIM/UIEB/reference-890/196_img_.png
/mnt/c/users/neezu/Desktop/Class/UTD/AIM/UIEB/raw-890/197_img_.png,/mnt/c/users/neezu/Desktop/Class/UTD/AIM/UIEB/reference-890/197_img_.png
/mnt/c/users/neezu/Desktop/Class/UTD/AIM/UIEB/raw-890/198_img_.png,/mnt/c/users/neezu/Desktop/Class/UTD/AIM/UIEB/reference-890/198_img_.png
/mnt/c/users/neezu/Desktop/Class/UTD/AIM/UIEB/raw-890/199_img_.png,/mnt/c/users/neezu/Desktop/Class/UTD/AIM/UIEB/reference-890/199_img_.png
/mnt/c/users/neezu/Desktop/Class/UTD/AIM/UIEB/raw-890/19_img_.png,/mnt/c/users/neezu/Desktop/Class/UTD/AIM/UIEB/reference-890/19_img_.png
/mnt/c/users/neezu/Desktop/Class/UTD/AIM/UIEB/raw-890/20.png,/mnt/c/users/neezu/Desktop/Class/UTD/AIM/UIEB/reference-890/20.png
/mnt/c/users/neezu/Desktop/Class/UTD/AIM/UIEB/raw-890/200_img_.png,/mnt/c/users/neezu/Desktop/Class/UTD/AIM/UIEB/reference-890/200_img_.png
/mnt/c/users/neezu/Desktop/Class/UTD/AIM/UIEB/raw-890/201_img_.png,/mnt/c/users/neezu/Desktop/Class/UTD/AIM/UIEB/reference-890/201_img_.png
/mnt/c/users/neezu/Desktop/Class/UTD/AIM/UIEB/raw-890/202_img_.png,/mnt/c/users/neezu/Desktop/Class/UTD/AIM/UIEB/reference-890/202_img_.png
/mnt/c/users/neezu/Desktop/Class/UTD/AIM/UIEB/raw-890/203_img_.png,/mnt/c/users/neezu/Desktop/Class/UTD/AIM/UIEB/reference-890/203_img_.png
/mnt/c/users/neezu/Desktop/Class/UTD/AIM/UIEB/raw-890/204_img_.png,/mnt/c/users/neezu/Desktop/Class/UTD/AIM/UIEB/reference-890/204_img_.png
/mnt/c/users/neezu/Desktop/Class/UTD/AIM/UIEB/raw-890/205_img_.png,/mnt/c/users/neezu/Desktop/Class/UTD/AIM/UIEB/reference-890/205_img_.png
/mnt/c/users/neezu/Desktop/Class/UTD/AIM/UIEB/raw-890/206_img_.png,/mnt/c/users/neezu/Desktop/Class/UTD/AIM/UIEB/reference-890/206_img_.png
/mnt/c/users/neezu/Desktop/Class/UTD/AIM/UIEB/raw-890/207_img_.png,/mnt/c/users/neezu/Desktop/Class/UTD/AIM/UIEB/reference-890/207_img_.png
/mnt/c/users/neezu/Desktop/Class/UTD/AIM/UIEB/raw-890/208_img_.png,/mnt/c/users/neezu/Desktop/Class/UTD/AIM/UIEB/reference-890/208_img_.png
/mnt/c/users/neezu/Desktop/Class/UTD/AIM/UIEB/raw-890/209_img_.png,/mnt/c/users/neezu/Desktop/Class/UTD/AIM/UIEB/reference-890/209_img_.png
/mnt/c/users/neezu/Desktop/Class/UTD/AIM/UIEB/raw-890/210_img_.png,/mnt/c/users/neezu/Desktop/Class/UTD/AIM/UIEB/reference-890/210_img_.png
/mnt/c/users/neezu/Desktop/Class/UTD/AIM/UIEB/raw-890/211_img_.png,/mnt/c/users/neezu/Desktop/Class/UTD/AIM/UIEB/reference-890/211_img_.png
/mnt/c/users/neezu/Desktop/Class/UTD/AIM/UIEB/raw-890/212_img_.png,/mnt/c/users/neezu/Desktop/Class/UTD/AIM/UIEB/reference-890/212_img_.png
/mnt/c/users/neezu/Desktop/Class/UTD/AIM/UIEB/raw-890/213_img_.png,/mnt/c/users/neezu/Desktop/Class/UTD/AIM/UIEB/reference-890/213_img_.png
/mnt/c/users/neezu/Desktop/Class/UTD/AIM/UIEB/raw-890/214_img_.png,/mnt/c/users/neezu/Desktop/Class/UTD/AIM/UIEB/reference-890/214_img_.png
/mnt/c/users/neezu/Desktop/Class/UTD/AIM/UIEB/raw-890/215_img_.png,/mnt/c/users/neezu/Desktop/Class/UTD/AIM/UIEB/reference-890/215_img_.png
/mnt/c/users/neezu/Desktop/Class/UTD/AIM/UIEB/raw-890/216_img_.png,/mnt/c/users/neezu/Desktop/Class/UTD/AIM/UIEB/reference-890/216_img_.png
/mnt/c/users/neezu/Desktop/Class/UTD/AIM/UIEB/raw-890/217_img_.png,/mnt/c/users/neezu/Desktop/Class/UTD/AIM/UIEB/reference-890/217_img_.png
/mnt/c/users/neezu/Desktop/Class/UTD/AIM/UIEB/raw-890/219_img_.png,/mnt/c/users/neezu/Desktop/Class/UTD/AIM/UIEB/reference-890/219_img_.png
/mnt/c/users/neezu/Desktop/Class/UTD/AIM/UIEB/raw-890/220_img_.png,/mnt/c/users/neezu/Desktop/Class/UTD/AIM/UIEB/reference-890/220_img_.png
/mnt/c/users/neezu/Desktop/Class/UTD/AIM/UIEB/raw-890/221_img_.png,/mnt/c/users/neezu/Desktop/Class/UTD/AIM/UIEB/reference-890/221_img_.png
/mnt/c/users/neezu/Desktop/Class/UTD/AIM/UIEB/raw-890/222_img_.png,/mnt/c/users/neezu/Desktop/Class/UTD/AIM/UIEB/reference-890/222_img_.png
/mnt/c/users/neezu/Desktop/Class/UTD/AIM/UIEB/raw-890/223_img_.png,/mnt/c/users/neezu/Desktop/Class/UTD/AIM/UIEB/reference-890/223_img_.png
/mnt/c/users/neezu/Desktop/Class/UTD/AIM/UIEB/raw-890/224_img_.png,/mnt/c/users/neezu/Desktop/Class/UTD/AIM/UIEB/reference-890/224_img_.png
/mnt/c/users/neezu/Desktop/Class/UTD/AIM/UIEB/raw-890/225_img_.png,/mnt/c/users/neezu/Desktop/Class/UTD/AIM/UIEB/reference-890/225_img_.png
/mnt/c/users/neezu/Desktop/Class/UTD/AIM/UIEB/raw-890/226_img_.png,/mnt/c/users/neezu/Desktop/Class/UTD/AIM/UIEB/reference-890/226_img_.png
/mnt/c/users/neezu/Desktop/Class/UTD/AIM/UIEB/raw-890/227_img_.png,/mnt/c/users/neezu/Desktop/Class/UTD/AIM/UIEB/reference-890/227_img_.png
/mnt/c/users/neezu/Desktop/Class/UTD/AIM/UIEB/raw-890/228_img_.png,/mnt/c/users/neezu/Desktop/Class/UTD/AIM/UIEB/reference-890/228_img_.png
/mnt/c/users/neezu/Desktop/Class/UTD/AIM/UIEB/raw-890/229_img_.png,/mnt/c/users/neezu/Desktop/Class/UTD/AIM/UIEB/reference-890/229_img_.png
/mnt/c/users/neezu/Desktop/Class/UTD/AIM/UIEB/raw-890/22_img_.png,/mnt/c/users/neezu/Desktop/Class/UTD/AIM/UIEB/reference-890/22_img_.png
/mnt/c/users/neezu/Desktop/Class/UTD/AIM/UIEB/raw-890/230_img_.png,/mnt/c/users/neezu/Desktop/Class/UTD/AIM/UIEB/reference-890/230_img_.png
/mnt/c/users/neezu/Desktop/Class/UTD/AIM/UIEB/raw-890/231_img_.png,/mnt/c/users/neezu/Desktop/Class/UTD/AIM/UIEB/reference-890/231_img_.png
/mnt/c/users/neezu/Desktop/Class/UTD/AIM/UIEB/raw-890/232_img_.png,/mnt/c/users/neezu/Desktop/Class/UTD/AIM/UIEB/reference-890/232_img_.png
/mnt/c/users/neezu/Desktop/Class/UTD/AIM/UIEB/raw-890/233_img_.png,/mnt/c/users/neezu/Desktop/Class/UTD/AIM/UIEB/reference-890/233_img_.png
/mnt/c/users/neezu/Desktop/Class/UTD/AIM/UIEB/raw-890/234_img_.png,/mnt/c/users/neezu/Desktop/Class/UTD/AIM/UIEB/reference-890/234_img_.png
/mnt/c/users/neezu/Desktop/Class/UTD/AIM/UIEB/raw-890/236_img_.png,/mnt/c/users/neezu/Desktop/Class/UTD/AIM/UIEB/reference-890/236_img_.png
/mnt/c/users/neezu/Desktop/Class/UTD/AIM/UIEB/raw-890/238_img_.png,/mnt/c/users/neezu/Desktop/Class/UTD/AIM/UIEB/reference-890/238_img_.png
/mnt/c/users/neezu/Desktop/Class/UTD/AIM/UIEB/raw-890/23_img_.png,/mnt/c/users/neezu/Desktop/Class/UTD/AIM/UIEB/reference-890/23_img_.png
/mnt/c/users/neezu/Desktop/Class/UTD/AIM/UIEB/raw-890/240_img_.png,/mnt/c/users/neezu/Desktop/Class/UTD/AIM/UIEB/reference-890/240_img_.png
/mnt/c/users/neezu/Desktop/Class/UTD/AIM/UIEB/raw-890/241_img_.png,/mnt/c/users/neezu/Desktop/Class/UTD/AIM/UIEB/reference-890/241_img_.png
/mnt/c/users/neezu/Desktop/Class/UTD/AIM/UIEB/raw-890/242_img_.png,/mnt/c/users/neezu/Desktop/Class/UTD/AIM/UIEB/reference-890/242_img_.png
/mnt/c/users/neezu/Desktop/Class/UTD/AIM/UIEB/raw-890/243_img_.png,/mnt/c/users/neezu/Desktop/Class/UTD/AIM/UIEB/reference-890/243_img_.png
/mnt/c/users/neezu/Desktop/Class/UTD/AIM/UIEB/raw-890/244_img_.png,/mnt/c/users/neezu/Desktop/Class/UTD/AIM/UIEB/reference-890/244_img_.png
/mnt/c/users/neezu/Desktop/Class/UTD/AIM/UIEB/raw-890/245_img_.png,/mnt/c/users/neezu/Desktop/Class/UTD/AIM/UIEB/reference-890/245_img_.png
/mnt/c/users/neezu/Desktop/Class/UTD/AIM/UIEB/raw-890/246_img_.png,/mnt/c/users/neezu/Desktop/Class/UTD/AIM/UIEB/reference-890/246_img_.png
/mnt/c/users/neezu/Desktop/Class/UTD/AIM/UIEB/raw-890/247_img_.png,/mnt/c/users/neezu/Desktop/Class/UTD/AIM/UIEB/reference-890/247_img_.png
/mnt/c/users/neezu/Desktop/Class/UTD/AIM/UIEB/raw-890/248_img_.png,/mnt/c/users/neezu/Desktop/Class/UTD/AIM/UIEB/reference-890/248_img_.png
/mnt/c/users/neezu/Desktop/Class/UTD/AIM/UIEB/raw-890/24_img_.png,/mnt/c/users/neezu/Desktop/Class/UTD/AIM/UIEB/reference-890/24_img_.png
/mnt/c/users/neezu/Desktop/Class/UTD/AIM/UIEB/raw-890/251_img_.png,/mnt/c/users/neezu/Desktop/Class/UTD/AIM/UIEB/reference-890/251_img_.png
/mnt/c/users/neezu/Desktop/Class/UTD/AIM/UIEB/raw-890/252_img_.png,/mnt/c/users/neezu/Desktop/Class/UTD/AIM/UIEB/reference-890/252_img_.png
/mnt/c/users/neezu/Desktop/Class/UTD/AIM/UIEB/raw-890/253_img_.png,/mnt/c/users/neezu/Desktop/Class/UTD/AIM/UIEB/reference-890/253_img_.png
/mnt/c/users/neezu/Desktop/Class/UTD/AIM/UIEB/raw-890/2546.png,/mnt/c/users/neezu/Desktop/Class/UTD/AIM/UIEB/reference-890/2546.png
/mnt/c/users/neezu/Desktop/Class/UTD/AIM/UIEB/raw-890/254_img_.png,/mnt/c/users/neezu/Desktop/Class/UTD/AIM/UIEB/reference-890/254_img_.png
/mnt/c/users/neezu/Desktop/Class/UTD/AIM/UIEB/raw-890/255_img_.png,/mnt/c/users/neezu/Desktop/Class/UTD/AIM/UIEB/reference-890/255_img_.png
/mnt/c/users/neezu/Desktop/Class/UTD/AIM/UIEB/raw-890/257_img_.png,/mnt/c/users/neezu/Desktop/Class/UTD/AIM/UIEB/reference-890/257_img_.png
/mnt/c/users/neezu/Desktop/Class/UTD/AIM/UIEB/raw-890/258_img_.png,/mnt/c/users/neezu/Desktop/Class/UTD/AIM/UIEB/reference-890/258_img_.png
/mnt/c/users/neezu/Desktop/Class/UTD/AIM/UIEB/raw-890/259_img_.png,/mnt/c/users/neezu/Desktop/Class/UTD/AIM/UIEB/reference-890/259_img_.png
/mnt/c/users/neezu/Desktop/Class/UTD/AIM/UIEB/raw-890/25_img_.png,/mnt/c/users/neezu/Desktop/Class/UTD/AIM/UIEB/reference-890/25_img_.png
/mnt/c/users/neezu/Desktop/Class/UTD/AIM/UIEB/raw-890/260_img_.png,/mnt/c/users/neezu/Desktop/Class/UTD/AIM/UIEB/reference-890/260_img_.png
/mnt/c/users/neezu/Desktop/Class/UTD/AIM/UIEB/raw-890/261_img_.png,/mnt/c/users/neezu/Desktop/Class/UTD/AIM/UIEB/reference-890/261_img_.png
/mnt/c/users/neezu/Desktop/Class/UTD/AIM/UIEB/raw-890/2629.png,/mnt/c/users/neezu/Desktop/Class/UTD/AIM/UIEB/reference-890/2629.png
/mnt/c/users/neezu/Desktop/Class/UTD/AIM/UIEB/raw-890/262_img_.png,/mnt/c/users/neezu/Desktop/Class/UTD/AIM/UIEB/reference-890/262_img_.png
/mnt/c/users/neezu/Desktop/Class/UTD/AIM/UIEB/raw-890/263_img_.png,/mnt/c/users/neezu/Desktop/Class/UTD/AIM/UIEB/reference-890/263_img_.png
/mnt/c/users/neezu/Desktop/Class/UTD/AIM/UIEB/raw-890/265_img_.png,/mnt/c/users/neezu/Desktop/Class/UTD/AIM/UIEB/reference-890/265_img_.png
/mnt/c/users/neezu/Desktop/Class/UTD/AIM/UIEB/raw-890/266_img_.png,/mnt/c/users/neezu/Desktop/Class/UTD/AIM/UIEB/reference-890/266_img_.png
/mnt/c/users/neezu/Desktop/Class/UTD/AIM/UIEB/raw-890/2677.png,/mnt/c/users/neezu/Desktop/Class/UTD/AIM/UIEB/reference-890/2677.png
/mnt/c/users/neezu/Desktop/Class/UTD/AIM/UIEB/raw-890/267_img_.png,/mnt/c/users/neezu/Desktop/Class/UTD/AIM/UIEB/reference-890/267_img_.png
/mnt/c/users/neezu/Desktop/Class/UTD/AIM/UIEB/raw-890/268_img_.png,/mnt/c/users/neezu/Desktop/Class/UTD/AIM/UIEB/reference-890/268_img_.png
/mnt/c/users/neezu/Desktop/Class/UTD/AIM/UIEB/raw-890/26_img_.png,/mnt/c/users/neezu/Desktop/Class/UTD/AIM/UIEB/reference-890/26_img_.png
/mnt/c/users/neezu/Desktop/Class/UTD/AIM/UIEB/raw-890/2701.png,/mnt/c/users/neezu/Desktop/Class/UTD/AIM/UIEB/reference-890/2701.png
/mnt/c/users/neezu/Desktop/Class/UTD/AIM/UIEB/raw-890/270_img_.png,/mnt/c/users/neezu/Desktop/Class/UTD/AIM/UIEB/reference-890/270_img_.png
/mnt/c/users/neezu/Desktop/Class/UTD/AIM/UIEB/raw-890/271_img_.png,/mnt/c/users/neezu/Desktop/Class/UTD/AIM/UIEB/reference-890/271_img_.png
/mnt/c/users/neezu/Desktop/Class/UTD/AIM/UIEB/raw-890/272_img_.png,/mnt/c/users/neezu/Desktop/Class/UTD/AIM/UIEB/reference-890/272_img_.png
/mnt/c/users/neezu/Desktop/Class/UTD/AIM/UIEB/raw-890/273_img_.png,/mnt/c/users/neezu/Desktop/Class/UTD/AIM/UIEB/reference-890/273_img_.png
/mnt/c/users/neezu/Desktop/Class/UTD/AIM/UIEB/raw-890/274_img_.png,/mnt/c/users/neezu/Desktop/Class/UTD/AIM/UIEB/reference-890/274_img_.png
/mnt/c/users/neezu/Desktop/Class/UTD/AIM/UIEB/raw-890/275_img_.png,/mnt/c/users/neezu/Desktop/Class/UTD/AIM/UIEB/reference-890/275_img_.png
/mnt/c/users/neezu/Desktop/Class/UTD/AIM/UIEB/raw-890/276_img_.png,/mnt/c/users/neezu/Desktop/Class/UTD/AIM/UIEB/reference-890/276_img_.png
/mnt/c/users/neezu/Desktop/Class/UTD/AIM/UIEB/raw-890/2774.png,/mnt/c/users/neezu/Desktop/Class/UTD/AIM/UIEB/reference-890/2774.png
/mnt/c/users/neezu/Desktop/Class/UTD/AIM/UIEB/raw-890/277_img_.png,/mnt/c/users/neezu/Desktop/Class/UTD/AIM/UIEB/reference-890/277_img_.png
/mnt/c/users/neezu/Desktop/Class/UTD/AIM/UIEB/raw-890/2787.png,/mnt/c/users/neezu/Desktop/Class/UTD/AIM/UIEB/reference-890/2787.png
/mnt/c/users/neezu/Desktop/Class/UTD/AIM/UIEB/raw-890/278_img_.png,/mnt/c/users/neezu/Desktop/Class/UTD/AIM/UIEB/reference-890/278_img_.png
/mnt/c/users/neezu/Desktop/Class/UTD/AIM/UIEB/raw-890/279_img_.png,/mnt/c/users/neezu/Desktop/Class/UTD/AIM/UIEB/reference-890/279_img_.png
/mnt/c/users/neezu/Desktop/Class/UTD/AIM/UIEB/raw-890/27_img_.png,/mnt/c/users/neezu/Desktop/Class/UTD/AIM/UIEB/reference-890/27_img_.png
/mnt/c/users/neezu/Desktop/Class/UTD/AIM/UIEB/raw-890/280_img_.png,/mnt/c/users/neezu/Desktop/Class/UTD/AIM/UIEB/reference-890/280_img_.png
/mnt/c/users/neezu/Desktop/Class/UTD/AIM/UIEB/raw-890/281_img_.png,/mnt/c/users/neezu/Desktop/Class/UTD/AIM/UIEB/reference-890/281_img_.png
/mnt/c/users/neezu/Desktop/Class/UTD/AIM/UIEB/raw-890/282_img_.png,/mnt/c/users/neezu/Desktop/Class/UTD/AIM/UIEB/reference-890/282_img_.png
/mnt/c/users/neezu/Desktop/Class/UTD/AIM/UIEB/raw-890/284_img_.png,/mnt/c/users/neezu/Desktop/Class/UTD/AIM/UIEB/reference-890/284_img_.png
/mnt/c/users/neezu/Desktop/Class/UTD/AIM/UIEB/raw-890/285_img_.png,/mnt/c/users/neezu/Desktop/Class/UTD/AIM/UIEB/reference-890/285_img_.png
/mnt/c/users/neezu/Desktop/Class/UTD/AIM/UIEB/raw-890/287_img_.png,/mnt/c/users/neezu/Desktop/Class/UTD/AIM/UIEB/reference-890/287_img_.png
/mnt/c/users/neezu/Desktop/Class/UTD/AIM/UIEB/raw-890/2882.png,/mnt/c/users/neezu/Desktop/Class/UTD/AIM/UIEB/reference-890/2882.png
/mnt/c/users/neezu/Desktop/Class/UTD/AIM/UIEB/raw-890/288_img_.png,/mnt/c/users/neezu/Desktop/Class/UTD/AIM/UIEB/reference-890/288_img_.png
/mnt/c/users/neezu/Desktop/Class/UTD/AIM/UIEB/raw-890/28_img_.png,/mnt/c/users/neezu/Desktop/Class/UTD/AIM/UIEB/reference-890/28_img_.png
/mnt/c/users/neezu/Desktop/Class/UTD/AIM/UIEB/raw-890/290_img_.png,/mnt/c/users/neezu/Desktop/Class/UTD/AIM/UIEB/reference-890/290_img_.png
/mnt/c/users/neezu/Desktop/Class/UTD/AIM/UIEB/raw-890/292_img_.png,/mnt/c/users/neezu/Desktop/Class/UTD/AIM/UIEB/reference-890/292_img_.png
/mnt/c/users/neezu/Desktop/Class/UTD/AIM/UIEB/raw-890/293_img_.png,/mnt/c/users/neezu/Desktop/Class/UTD/AIM/UIEB/reference-890/293_img_.png
/mnt/c/users/neezu/Desktop/Class/UTD/AIM/UIEB/raw-890/294_img_.png,/mnt/c/users/neezu/Desktop/Class/UTD/AIM/UIEB/reference-890/294_img_.png
/mnt/c/users/neezu/Desktop/Class/UTD/AIM/UIEB/raw-890/295_img_.png,/mnt/c/users/neezu/Desktop/Class/UTD/AIM/UIEB/reference-890/295_img_.png
/mnt/c/users/neezu/Desktop/Class/UTD/AIM/UIEB/raw-890/296_img_.png,/mnt/c/users/neezu/Desktop/Class/UTD/AIM/UIEB/reference-890/296_img_.png
/mnt/c/users/neezu/Desktop/Class/UTD/AIM/UIEB/raw-890/2977.png,/mnt/c/users/neezu/Desktop/Class/UTD/AIM/UIEB/reference-890/2977.png
/mnt/c/users/neezu/Desktop/Class/UTD/AIM/UIEB/raw-890/298_img_.png,/mnt/c/users/neezu/Desktop/Class/UTD/AIM/UIEB/reference-890/298_img_.png
/mnt/c/users/neezu/Desktop/Class/UTD/AIM/UIEB/raw-890/299_img_.png,/mnt/c/users/neezu/Desktop/Class/UTD/AIM/UIEB/reference-890/299_img_.png
/mnt/c/users/neezu/Desktop/Class/UTD/AIM/UIEB/raw-890/29_img_.png,/mnt/c/users/neezu/Desktop/Class/UTD/AIM/UIEB/reference-890/29_img_.png
/mnt/c/users/neezu/Desktop/Class/UTD/AIM/UIEB/raw-890/2_img_.png,/mnt/c/users/neezu/Desktop/Class/UTD/AIM/UIEB/reference-890/2_img_.png
/mnt/c/users/neezu/Desktop/Class/UTD/AIM/UIEB/raw-890/3001.png,/mnt/c/users/neezu/Desktop/Class/UTD/AIM/UIEB/reference-890/3001.png
/mnt/c/users/neezu/Desktop/Class/UTD/AIM/UIEB/raw-890/300_img_.png,/mnt/c/users/neezu/Desktop/Class/UTD/AIM/UIEB/reference-890/300_img_.png
/mnt/c/users/neezu/Desktop/Class/UTD/AIM/UIEB/raw-890/3015.png,/mnt/c/users/neezu/Desktop/Class/UTD/AIM/UIEB/reference-890/3015.png
/mnt/c/users/neezu/Desktop/Class/UTD/AIM/UIEB/raw-890/301_img_.png,/mnt/c/users/neezu/Desktop/Class/UTD/AIM/UIEB/reference-890/301_img_.png
/mnt/c/users/neezu/Desktop/Class/UTD/AIM/UIEB/raw-890/302_img_.png,/mnt/c/users/neezu/Desktop/Class/UTD/AIM/UIEB/reference-890/302_img_.png
/mnt/c/users/neezu/Desktop/Class/UTD/AIM/UIEB/raw-890/303_img_.png,/mnt/c/users/neezu/Desktop/Class/UTD/AIM/UIEB/reference-890/303_img_.png
/mnt/c/users/neezu/Desktop/Class/UTD/AIM/UIEB/raw-890/304_img_.png,/mnt/c/users/neezu/Desktop/Class/UTD/AIM/UIEB/reference-890/304_img_.png
/mnt/c/users/neezu/Desktop/Class/UTD/AIM/UIEB/raw-890/305_img_.png,/mnt/c/users/neezu/Desktop/Class/UTD/AIM/UIEB/reference-890/305_img_.png
/mnt/c/users/neezu/Desktop/Class/UTD/AIM/UIEB/raw-890/306_img_.png,/mnt/c/users/neezu/Desktop/Class/UTD/AIM/UIEB/reference-890/306_img_.png
/mnt/c/users/neezu/Desktop/Class/UTD/AIM/UIEB/raw-890/307_img_.png,/mnt/c/users/neezu/Desktop/Class/UTD/AIM/UIEB/reference-890/307_img_.png
/mnt/c/users/neezu/Desktop/Class/UTD/AIM/UIEB/raw-890/30_img_.png,/mnt/c/users/neezu/Desktop/Class/UTD/AIM/UIEB/reference-890/30_img_.png
/mnt/c/users/neezu/Desktop/Class/UTD/AIM/UIEB/raw-890/31.png,/mnt/c/users/neezu/Desktop/Class/UTD/AIM/UIEB/reference-890/31.png
/mnt/c/users/neezu/Desktop/Class/UTD/AIM/UIEB/raw-890/311_img_.png,/mnt/c/users/neezu/Desktop/Class/UTD/AIM/UIEB/reference-890/311_img_.png
/mnt/c/users/neezu/Desktop/Class/UTD/AIM/UIEB/raw-890/312_img_.png,/mnt/c/users/neezu/Desktop/Class/UTD/AIM/UIEB/reference-890/312_img_.png
/mnt/c/users/neezu/Desktop/Class/UTD/AIM/UIEB/raw-890/313_img_.png,/mnt/c/users/neezu/Desktop/Class/UTD/AIM/UIEB/reference-890/313_img_.png
/mnt/c/users/neezu/Desktop/Class/UTD/AIM/UIEB/raw-890/314_img_.png,/mnt/c/users/neezu/Desktop/Class/UTD/AIM/UIEB/reference-890/314_img_.png
/mnt/c/users/neezu/Desktop/Class/UTD/AIM/UIEB/raw-890/315_img_.png,/mnt/c/users/neezu/Desktop/Class/UTD/AIM/UIEB/reference-890/315_img_.png
/mnt/c/users/neezu/Desktop/Class/UTD/AIM/UIEB/raw-890/316_img_.png,/mnt/c/users/neezu/Desktop/Class/UTD/AIM/UIEB/reference-890/316_img_.png
/mnt/c/users/neezu/Desktop/Class/UTD/AIM/UIEB/raw-890/317_img_.png,/mnt/c/users/neezu/Desktop/Class/UTD/AIM/UIEB/reference-890/317_img_.png
/mnt/c/users/neezu/Desktop/Class/UTD/AIM/UIEB/raw-890/318_img_.png,/mnt/c/users/neezu/Desktop/Class/UTD/AIM/UIEB/reference-890/318_img_.png
/mnt/c/users/neezu/Desktop/Class/UTD/AIM/UIEB/raw-890/3196.png,/mnt/c/users/neezu/Desktop/Class/UTD/AIM/UIEB/reference-890/3196.png
/mnt/c/users/neezu/Desktop/Class/UTD/AIM/UIEB/raw-890/319_img_.png,/mnt/c/users/neezu/Desktop/Class/UTD/AIM/UIEB/reference-890/319_img_.png
/mnt/c/users/neezu/Desktop/Class/UTD/AIM/UIEB/raw-890/3202.png,/mnt/c/users/neezu/Desktop/Class/UTD/AIM/UIEB/reference-890/3202.png
/mnt/c/users/neezu/Desktop/Class/UTD/AIM/UIEB/raw-890/320_img_.png,/mnt/c/users/neezu/Desktop/Class/UTD/AIM/UIEB/reference-890/320_img_.png
/mnt/c/users/neezu/Desktop/Class/UTD/AIM/UIEB/raw-890/322_img_.png,/mnt/c/users/neezu/Desktop/Class/UTD/AIM/UIEB/reference-890/322_img_.png
/mnt/c/users/neezu/Desktop/Class/UTD/AIM/UIEB/raw-890/323_img_.png,/mnt/c/users/neezu/Desktop/Class/UTD/AIM/UIEB/reference-890/323_img_.png
/mnt/c/users/neezu/Desktop/Class/UTD/AIM/UIEB/raw-890/324_img_.png,/mnt/c/users/neezu/Desktop/Class/UTD/AIM/UIEB/reference-890/324_img_.png
/mnt/c/users/neezu/Desktop/Class/UTD/AIM/UIEB/raw-890/325_img_.png,/mnt/c/users/neezu/Desktop/Class/UTD/AIM/UIEB/reference-890/325_img_.png
/mnt/c/users/neezu/Desktop/Class/UTD/AIM/UIEB/raw-890/326_img_.png,/mnt/c/users/neezu/Desktop/Class/UTD/AIM/UIEB/reference-890/326_img_.png
/mnt/c/users/neezu/Desktop/Class/UTD/AIM/UIEB/raw-890/327_img_.png,/mnt/c/users/neezu/Desktop/Class/UTD/AIM/UIEB/reference-890/327_img_.png
/mnt/c/users/neezu/Desktop/Class/UTD/AIM/UIEB/raw-890/328_img_.png,/mnt/c/users/neezu/Desktop/Class/UTD/AIM/UIEB/reference-890/328_img_.png
/mnt/c/users/neezu/Desktop/Class/UTD/AIM/UIEB/raw-890/32_img_.png,/mnt/c/users/neezu/Desktop/Class/UTD/AIM/UIEB/reference-890/32_img_.png
/mnt/c/users/neezu/Desktop/Class/UTD/AIM/UIEB/raw-890/330_img_.png,/mnt/c/users/neezu/Desktop/Class/UTD/AIM/UIEB/reference-890/330_img_.png
/mnt/c/users/neezu/Desktop/Class/UTD/AIM/UIEB/raw-890/332_img_.png,/mnt/c/users/neezu/Desktop/Class/UTD/AIM/UIEB/reference-890/332_img_.png
/mnt/c/users/neezu/Desktop/Class/UTD/AIM/UIEB/raw-890/3330.png,/mnt/c/users/neezu/Desktop/Class/UTD/AIM/UIEB/reference-890/3330.png
/mnt/c/users/neezu/Desktop/Class/UTD/AIM/UIEB/raw-890/334_img_.png,/mnt/c/users/neezu/Desktop/Class/UTD/AIM/UIEB/reference-890/334_img_.png
/mnt/c/users/neezu/Desktop/Class/UTD/AIM/UIEB/raw-890/336_img_.png,/mnt/c/users/neezu/Desktop/Class/UTD/AIM/UIEB/reference-890/336_img_.png
/mnt/c/users/neezu/Desktop/Class/UTD/AIM/UIEB/raw-890/337_img_.png,/mnt/c/users/neezu/Desktop/Class/UTD/AIM/UIEB/reference-890/337_img_.png
/mnt/c/users/neezu/Desktop/Class/UTD/AIM/UIEB/raw-890/338_img_.png,/mnt/c/users/neezu/Desktop/Class/UTD/AIM/UIEB/reference-890/338_img_.png
/mnt/c/users/neezu/Desktop/Class/UTD/AIM/UIEB/raw-890/340_img_.png,/mnt/c/users/neezu/Desktop/Class/UTD/AIM/UIEB/reference-890/340_img_.png
/mnt/c/users/neezu/Desktop/Class/UTD/AIM/UIEB/raw-890/341_img_.png,/mnt/c/users/neezu/Desktop/Class/UTD/AIM/UIEB/reference-890/341_img_.png
/mnt/c/users/neezu/Desktop/Class/UTD/AIM/UIEB/raw-890/342_img_.png,/mnt/c/users/neezu/Desktop/Class/UTD/AIM/UIEB/reference-890/342_img_.png
/mnt/c/users/neezu/Desktop/Class/UTD/AIM/UIEB/raw-890/343_img_.png,/mnt/c/users/neezu/Desktop/Class/UTD/AIM/UIEB/reference-890/343_img_.png
/mnt/c/users/neezu/Desktop/Class/UTD/AIM/UIEB/raw-890/345_img_.png,/mnt/c/users/neezu/Desktop/Class/UTD/AIM/UIEB/reference-890/345_img_.png
/mnt/c/users/neezu/Desktop/Class/UTD/AIM/UIEB/raw-890/346_img_.png,/mnt/c/users/neezu/Desktop/Class/UTD/AIM/UIEB/reference-890/346_img_.png
/mnt/c/users/neezu/Desktop/Class/UTD/AIM/UIEB/raw-890/347_img_.png,/mnt/c/users/neezu/Desktop/Class/UTD/AIM/UIEB/reference-890/347_img_.png
/mnt/c/users/neezu/Desktop/Class/UTD/AIM/UIEB/raw-890/348_img_.png,/mnt/c/users/neezu/Desktop/Class/UTD/AIM/UIEB/reference-890/348_img_.png
/mnt/c/users/neezu/Desktop/Class/UTD/AIM/UIEB/raw-890/35.png,/mnt/c/users/neezu/Desktop/Class/UTD/AIM/UIEB/reference-890/35.png
/mnt/c/users/neezu/Desktop/Class/UTD/AIM/UIEB/raw-890/350_img_.png,/mnt/c/users/neezu/Desktop/Class/UTD/AIM/UIEB/reference-890/350_img_.png
/mnt/c/users/neezu/Desktop/Class/UTD/AIM/UIEB/raw-890/351_img_.png,/mnt/c/users/neezu/Desktop/Class/UTD/AIM/UIEB/reference-890/351_img_.png
/mnt/c/users/neezu/Desktop/Class/UTD/AIM/UIEB/raw-890/353_img_.png,/mnt/c/users/neezu/Desktop/Class/UTD/AIM/UIEB/reference-890/353_img_.png
/mnt/c/users/neezu/Desktop/Class/UTD/AIM/UIEB/raw-890/355_img_.png,/mnt/c/users/neezu/Desktop/Class/UTD/AIM/UIEB/reference-890/355_img_.png
/mnt/c/users/neezu/Desktop/Class/UTD/AIM/UIEB/raw-890/356_img_.png,/mnt/c/users/neezu/Desktop/Class/UTD/AIM/UIEB/reference-890/356_img_.png
/mnt/c/users/neezu/Desktop/Class/UTD/AIM/UIEB/raw-890/359_img_.png,/mnt/c/users/neezu/Desktop/Class/UTD/AIM/UIEB/reference-890/359_img_.png
/mnt/c/users/neezu/Desktop/Class/UTD/AIM/UIEB/raw-890/360_img_.png,/mnt/c/users/neezu/Desktop/Class/UTD/AIM/UIEB/reference-890/360_img_.png
/mnt/c/users/neezu/Desktop/Class/UTD/AIM/UIEB/raw-890/361_img_.png,/mnt/c/users/neezu/Desktop/Class/UTD/AIM/UIEB/reference-890/361_img_.png
/mnt/c/users/neezu/Desktop/Class/UTD/AIM/UIEB/raw-890/362_img_.png,/mnt/c/users/neezu/Desktop/Class/UTD/AIM/UIEB/reference-890/362_img_.png
/mnt/c/users/neezu/Desktop/Class/UTD/AIM/UIEB/raw-890/363_img_.png,/mnt/c/users/neezu/Desktop/Class/UTD/AIM/UIEB/reference-890/363_img_.png
/mnt/c/users/neezu/Desktop/Class/UTD/AIM/UIEB/raw-890/364_img_.png,/mnt/c/users/neezu/Desktop/Class/UTD/AIM/UIEB/reference-890/364_img_.png
/mnt/c/users/neezu/Desktop/Class/UTD/AIM/UIEB/raw-890/3650.png,/mnt/c/users/neezu/Desktop/Class/UTD/AIM/UIEB/reference-890/3650.png
/mnt/c/users/neezu/Desktop/Class/UTD/AIM/UIEB/raw-890/365_img_.png,/mnt/c/users/neezu/Desktop/Class/UTD/AIM/UIEB/reference-890/365_img_.png
/mnt/c/users/neezu/Desktop/Class/UTD/AIM/UIEB/raw-890/366_img_.png,/mnt/c/users/neezu/Desktop/Class/UTD/AIM/UIEB/reference-890/366_img_.png
/mnt/c/users/neezu/Desktop/Class/UTD/AIM/UIEB/raw-890/367_img_.png,/mnt/c/users/neezu/Desktop/Class/UTD/AIM/UIEB/reference-890/367_img_.png
/mnt/c/users/neezu/Desktop/Class/UTD/AIM/UIEB/raw-890/369_img_.png,/mnt/c/users/neezu/Desktop/Class/UTD/AIM/UIEB/reference-890/369_img_.png
/mnt/c/users/neezu/Desktop/Class/UTD/AIM/UIEB/raw-890/370_img_.png,/mnt/c/users/neezu/Desktop/Class/UTD/AIM/UIEB/reference-890/370_img_.png
/mnt/c/users/neezu/Desktop/Class/UTD/AIM/UIEB/raw-890/371_img_.png,/mnt/c/users/neezu/Desktop/Class/UTD/AIM/UIEB/reference-890/371_img_.png
/mnt/c/users/neezu/Desktop/Class/UTD/AIM/UIEB/raw-890/3728.png,/mnt/c/users/neezu/Desktop/Class/UTD/AIM/UIEB/reference-890/3728.png
/mnt/c/users/neezu/Desktop/Class/UTD/AIM/UIEB/raw-890/372_img_.png,/mnt/c/users/neezu/Desktop/Class/UTD/AIM/UIEB/reference-890/372_img_.png
/mnt/c/users/neezu/Desktop/Class/UTD/AIM/UIEB/raw-890/373_img_.png,/mnt/c/users/neezu/Desktop/Class/UTD/AIM/UIEB/reference-890/373_img_.png
/mnt/c/users/neezu/Desktop/Class/UTD/AIM/UIEB/raw-890/374_img_.png,/mnt/c/users/neezu/Desktop/Class/UTD/AIM/UIEB/reference-890/374_img_.png
/mnt/c/users/neezu/Desktop/Class/UTD/AIM/UIEB/raw-890/375_img_.png,/mnt/c/users/neezu/Desktop/Class/UTD/AIM/UIEB/reference-890/375_img_.png
/mnt/c/users/neezu/Desktop/Class/UTD/AIM/UIEB/raw-890/376_img_.png,/mnt/c/users/neezu/Desktop/Class/UTD/AIM/UIEB/reference-890/376_img_.png
/mnt/c/users/neezu/Desktop/Class/UTD/AIM/UIEB/raw-890/377_img_.png,/mnt/c/users/neezu/Desktop/Class/UTD/AIM/UIEB/reference-890/377_img_.png
/mnt/c/users/neezu/Desktop/Class/UTD/AIM/UIEB/raw-890/378_img_.png,/mnt/c/users/neezu/Desktop/Class/UTD/AIM/UIEB/reference-890/378_img_.png
/mnt/c/users/neezu/Desktop/Class/UTD/AIM/UIEB/raw-890/379_img_.png,/mnt/c/users/neezu/Desktop/Class/UTD/AIM/UIEB/reference-890/379_img_.png
/mnt/c/users/neezu/Desktop/Class/UTD/AIM/UIEB/raw-890/37_img_.png,/mnt/c/users/neezu/Desktop/Class/UTD/AIM/UIEB/reference-890/37_img_.png
/mnt/c/users/neezu/Desktop/Class/UTD/AIM/UIEB/raw-890/380_img_.png,/mnt/c/users/neezu/Desktop/Class/UTD/AIM/UIEB/reference-890/380_img_.png
/mnt/c/users/neezu/Desktop/Class/UTD/AIM/UIEB/raw-890/381_img_.png,/mnt/c/users/neezu/Desktop/Class/UTD/AIM/UIEB/reference-890/381_img_.png
/mnt/c/users/neezu/Desktop/Class/UTD/AIM/UIEB/raw-890/382_img_.png,/mnt/c/users/neezu/Desktop/Class/UTD/AIM/UIEB/reference-890/382_img_.png
/mnt/c/users/neezu/Desktop/Class/UTD/AIM/UIEB/raw-890/383_img_.png,/mnt/c/users/neezu/Desktop/Class/UTD/AIM/UIEB/reference-890/383_img_.png
/mnt/c/users/neezu/Desktop/Class/UTD/AIM/UIEB/raw-890/384_img_.png,/mnt/c/users/neezu/Desktop/Class/UTD/AIM/UIEB/reference-890/384_img_.png
/mnt/c/users/neezu/Desktop/Class/UTD/AIM/UIEB/raw-890/385_img_.png,/mnt/c/users/neezu/Desktop/Class/UTD/AIM/UIEB/reference-890/385_img_.png
/mnt/c/users/neezu/Desktop/Class/UTD/AIM/UIEB/raw-890/386_img_.png,/mnt/c/users/neezu/Desktop/Class/UTD/AIM/UIEB/reference-890/386_img_.png
/mnt/c/users/neezu/Desktop/Class/UTD/AIM/UIEB/raw-890/387_img_.png,/mnt/c/users/neezu/Desktop/Class/UTD/AIM/UIEB/reference-890/387_img_.png
/mnt/c/users/neezu/Desktop/Class/UTD/AIM/UIEB/raw-890/389_img_.png,/mnt/c/users/neezu/Desktop/Class/UTD/AIM/UIEB/reference-890/389_img_.png
/mnt/c/users/neezu/Desktop/Class/UTD/AIM/UIEB/raw-890/391_img_.png,/mnt/c/users/neezu/Desktop/Class/UTD/AIM/UIEB/reference-890/391_img_.png
/mnt/c/users/neezu/Desktop/Class/UTD/AIM/UIEB/raw-890/3925.png,/mnt/c/users/neezu/Desktop/Class/UTD/AIM/UIEB/reference-890/3925.png
/mnt/c/users/neezu/Desktop/Class/UTD/AIM/UIEB/raw-890/392_img_.png,/mnt/c/users/neezu/Desktop/Class/UTD/AIM/UIEB/reference-890/392_img_.png
/mnt/c/users/neezu/Desktop/Class/UTD/AIM/UIEB/raw-890/393_img_.png,/mnt/c/users/neezu/Desktop/Class/UTD/AIM/UIEB/reference-890/393_img_.png
/mnt/c/users/neezu/Desktop/Class/UTD/AIM/UIEB/raw-890/3947.png,/mnt/c/users/neezu/Desktop/Class/UTD/AIM/UIEB/reference-890/3947.png
/mnt/c/users/neezu/Desktop/Class/UTD/AIM/UIEB/raw-890/394_img_.png,/mnt/c/users/neezu/Desktop/Class/UTD/AIM/UIEB/reference-890/394_img_.png
/mnt/c/users/neezu/Desktop/Class/UTD/AIM/UIEB/raw-890/395_img_.png,/mnt/c/users/neezu/Desktop/Class/UTD/AIM/UIEB/reference-890/395_img_.png
/mnt/c/users/neezu/Desktop/Class/UTD/AIM/UIEB/raw-890/39_img_.png,/mnt/c/users/neezu/Desktop/Class/UTD/AIM/UIEB/reference-890/39_img_.png
/mnt/c/users/neezu/Desktop/Class/UTD/AIM/UIEB/raw-890/3_img_.png,/mnt/c/users/neezu/Desktop/Class/UTD/AIM/UIEB/reference-890/3_img_.png
/mnt/c/users/neezu/Desktop/Class/UTD/AIM/UIEB/raw-890/4.png,/mnt/c/users/neezu/Desktop/Class/UTD/AIM/UIEB/reference-890/4.png
/mnt/c/users/neezu/Desktop/Class/UTD/AIM/UIEB/raw-890/400_img_.png,/mnt/c/users/neezu/Desktop/Class/UTD/AIM/UIEB/reference-890/400_img_.png
/mnt/c/users/neezu/Desktop/Class/UTD/AIM/UIEB/raw-890/401_img_.png,/mnt/c/users/neezu/Desktop/Class/UTD/AIM/UIEB/reference-890/401_img_.png
/mnt/c/users/neezu/Desktop/Class/UTD/AIM/UIEB/raw-890/402_img_.png,/mnt/c/users/neezu/Desktop/Class/UTD/AIM/UIEB/reference-890/402_img_.png
/mnt/c/users/neezu/Desktop/Class/UTD/AIM/UIEB/raw-890/403_img_.png,/mnt/c/users/neezu/Desktop/Class/UTD/AIM/UIEB/reference-890/403_img_.png
/mnt/c/users/neezu/Desktop/Class/UTD/AIM/UIEB/raw-890/404_img_.png,/mnt/c/users/neezu/Desktop/Class/UTD/AIM/UIEB/reference-890/404_img_.png
/mnt/c/users/neezu/Desktop/Class/UTD/AIM/UIEB/raw-890/405_img_.png,/mnt/c/users/neezu/Desktop/Class/UTD/AIM/UIEB/reference-890/405_img_.png
/mnt/c/users/neezu/Desktop/Class/UTD/AIM/UIEB/raw-890/406_img_.png,/mnt/c/users/neezu/Desktop/Class/UTD/AIM/UIEB/reference-890/406_img_.png
/mnt/c/users/neezu/Desktop/Class/UTD/AIM/UIEB/raw-890/4070.png,/mnt/c/users/neezu/Desktop/Class/UTD/AIM/UIEB/reference-890/4070.png
/mnt/c/users/neezu/Desktop/Class/UTD/AIM/UIEB/raw-890/407_img_.png,/mnt/c/users/neezu/Desktop/Class/UTD/AIM/UIEB/reference-890/407_img_.png
/mnt/c/users/neezu/Desktop/Class/UTD/AIM/UIEB/raw-890/408_img_.png,/mnt/c/users/neezu/Desktop/Class/UTD/AIM/UIEB/reference-890/408_img_.png
/mnt/c/users/neezu/Desktop/Class/UTD/AIM/UIEB/raw-890/409_img_.png,/mnt/c/users/neezu/Desktop/Class/UTD/AIM/UIEB/reference-890/409_img_.png
/mnt/c/users/neezu/Desktop/Class/UTD/AIM/UIEB/raw-890/410_img_.png,/mnt/c/users/neezu/Desktop/Class/UTD/AIM/UIEB/reference-890/410_img_.png
/mnt/c/users/neezu/Desktop/Class/UTD/AIM/UIEB/raw-890/411_img_.png,/mnt/c/users/neezu/Desktop/Class/UTD/AIM/UIEB/reference-890/411_img_.png
/mnt/c/users/neezu/Desktop/Class/UTD/AIM/UIEB/raw-890/412_img_.png,/mnt/c/users/neezu/Desktop/Class/UTD/AIM/UIEB/reference-890/412_img_.png
/mnt/c/users/neezu/Desktop/Class/UTD/AIM/UIEB/raw-890/413_img_.png,/mnt/c/users/neezu/Desktop/Class/UTD/AIM/UIEB/reference-890/413_img_.png
/mnt/c/users/neezu/Desktop/Class/UTD/AIM/UIEB/raw-890/415_img_.png,/mnt/c/users/neezu/Desktop/Class/UTD/AIM/UIEB/reference-890/415_img_.png
/mnt/c/users/neezu/Desktop/Class/UTD/AIM/UIEB/raw-890/416_img_.png,/mnt/c/users/neezu/Desktop/Class/UTD/AIM/UIEB/reference-890/416_img_.png
/mnt/c/users/neezu/Desktop/Class/UTD/AIM/UIEB/raw-890/417_img_.png,/mnt/c/users/neezu/Desktop/Class/UTD/AIM/UIEB/reference-890/417_img_.png
/mnt/c/users/neezu/Desktop/Class/UTD/AIM/UIEB/raw-890/418_img_.png,/mnt/c/users/neezu/Desktop/Class/UTD/AIM/UIEB/reference-890/418_img_.png
/mnt/c/users/neezu/Desktop/Class/UTD/AIM/UIEB/raw-890/419_img_.png,/mnt/c/users/neezu/Desktop/Class/UTD/AIM/UIEB/reference-890/419_img_.png
/mnt/c/users/neezu/Desktop/Class/UTD/AIM/UIEB/raw-890/41_img_.png,/mnt/c/users/neezu/Desktop/Class/UTD/AIM/UIEB/reference-890/41_img_.png
/mnt/c/users/neezu/Desktop/Class/UTD/AIM/UIEB/raw-890/420_img_.png,/mnt/c/users/neezu/Desktop/Class/UTD/AIM/UIEB/reference-890/420_img_.png
/mnt/c/users/neezu/Desktop/Class/UTD/AIM/UIEB/raw-890/421_img_.png,/mnt/c/users/neezu/Desktop/Class/UTD/AIM/UIEB/reference-890/421_img_.png
/mnt/c/users/neezu/Desktop/Class/UTD/AIM/UIEB/raw-890/422_img_.png,/mnt/c/users/neezu/Desktop/Class/UTD/AIM/UIEB/reference-890/422_img_.png
/mnt/c/users/neezu/Desktop/Class/UTD/AIM/UIEB/raw-890/423_img_.png,/mnt/c/users/neezu/Desktop/Class/UTD/AIM/UIEB/reference-890/423_img_.png
/mnt/c/users/neezu/Desktop/Class/UTD/AIM/UIEB/raw-890/424_img_.png,/mnt/c/users/neezu/Desktop/Class/UTD/AIM/UIEB/reference-890/424_img_.png
/mnt/c/users/neezu/Desktop/Class/UTD/AIM/UIEB/raw-890/425_img_.png,/mnt/c/users/neezu/Desktop/Class/UTD/AIM/UIEB/reference-890/425_img_.png
/mnt/c/users/neezu/Desktop/Class/UTD/AIM/UIEB/raw-890/428_img_.png,/mnt/c/users/neezu/Desktop/Class/UTD/AIM/UIEB/reference-890/428_img_.png
/mnt/c/users/neezu/Desktop/Class/UTD/AIM/UIEB/raw-890/429_img_.png,/mnt/c/users/neezu/Desktop/Class/UTD/AIM/UIEB/reference-890/429_img_.png
/mnt/c/users/neezu/Desktop/Class/UTD/AIM/UIEB/raw-890/42_img_.png,/mnt/c/users/neezu/Desktop/Class/UTD/AIM/UIEB/reference-890/42_img_.png
/mnt/c/users/neezu/Desktop/Class/UTD/AIM/UIEB/raw-890/432_img_.png,/mnt/c/users/neezu/Desktop/Class/UTD/AIM/UIEB/reference-890/432_img_.png
/mnt/c/users/neezu/Desktop/Class/UTD/AIM/UIEB/raw-890/433_img_.png,/mnt/c/users/neezu/Desktop/Class/UTD/AIM/UIEB/reference-890/433_img_.png
/mnt/c/users/neezu/Desktop/Class/UTD/AIM/UIEB/raw-890/435_img_.png,/mnt/c/users/neezu/Desktop/Class/UTD/AIM/UIEB/reference-890/435_img_.png
/mnt/c/users/neezu/Desktop/Class/UTD/AIM/UIEB/raw-890/436_img_.png,/mnt/c/users/neezu/Desktop/Class/UTD/AIM/UIEB/reference-890/436_img_.png
/mnt/c/users/neezu/Desktop/Class/UTD/AIM/UIEB/raw-890/437_img_.png,/mnt/c/users/neezu/Desktop/Class/UTD/AIM/UIEB/reference-890/437_img_.png
/mnt/c/users/neezu/Desktop/Class/UTD/AIM/UIEB/raw-890/438_img_.png,/mnt/c/users/neezu/Desktop/Class/UTD/AIM/UIEB/reference-890/438_img_.png
/mnt/c/users/neezu/Desktop/Class/UTD/AIM/UIEB/raw-890/439_img_.png,/mnt/c/users/neezu/Desktop/Class/UTD/AIM/UIEB/reference-890/439_img_.png
/mnt/c/users/neezu/Desktop/Class/UTD/AIM/UIEB/raw-890/43_img_.png,/mnt/c/users/neezu/Desktop/Class/UTD/AIM/UIEB/reference-890/43_img_.png
/mnt/c/users/neezu/Desktop/Class/UTD/AIM/UIEB/raw-890/440_img_.png,/mnt/c/users/neezu/Desktop/Class/UTD/AIM/UIEB/reference-890/440_img_.png
/mnt/c/users/neezu/Desktop/Class/UTD/AIM/UIEB/raw-890/441_img_.png,/mnt/c/users/neezu/Desktop/Class/UTD/AIM/UIEB/reference-890/441_img_.png
/mnt/c/users/neezu/Desktop/Class/UTD/AIM/UIEB/raw-890/442_img_.png,/mnt/c/users/neezu/Desktop/Class/UTD/AIM/UIEB/reference-890/442_img_.png
/mnt/c/users/neezu/Desktop/Class/UTD/AIM/UIEB/raw-890/443_img_.png,/mnt/c/users/neezu/Desktop/Class/UTD/AIM/UIEB/reference-890/443_img_.png
/mnt/c/users/neezu/Desktop/Class/UTD/AIM/UIEB/raw-890/444_img_.png,/mnt/c/users/neezu/Desktop/Class/UTD/AIM/UIEB/reference-890/444_img_.png
/mnt/c/users/neezu/Desktop/Class/UTD/AIM/UIEB/raw-890/445_img_.png,/mnt/c/users/neezu/Desktop/Class/UTD/AIM/UIEB/reference-890/445_img_.png
/mnt/c/users/neezu/Desktop/Class/UTD/AIM/UIEB/raw-890/446_img_.png,/mnt/c/users/neezu/Desktop/Class/UTD/AIM/UIEB/reference-890/446_img_.png
/mnt/c/users/neezu/Desktop/Class/UTD/AIM/UIEB/raw-890/447_img_.png,/mnt/c/users/neezu/Desktop/Class/UTD/AIM/UIEB/reference-890/447_img_.png
/mnt/c/users/neezu/Desktop/Class/UTD/AIM/UIEB/raw-890/448_img_.png,/mnt/c/users/neezu/Desktop/Class/UTD/AIM/UIEB/reference-890/448_img_.png
/mnt/c/users/neezu/Desktop/Class/UTD/AIM/UIEB/raw-890/449_img_.png,/mnt/c/users/neezu/Desktop/Class/UTD/AIM/UIEB/reference-890/449_img_.png
/mnt/c/users/neezu/Desktop/Class/UTD/AIM/UIEB/raw-890/44_img_.png,/mnt/c/users/neezu/Desktop/Class/UTD/AIM/UIEB/reference-890/44_img_.png
/mnt/c/users/neezu/Desktop/Class/UTD/AIM/UIEB/raw-890/450_img_.png,/mnt/c/users/neezu/Desktop/Class/UTD/AIM/UIEB/reference-890/450_img_.png
/mnt/c/users/neezu/Desktop/Class/UTD/AIM/UIEB/raw-890/451_img_.png,/mnt/c/users/neezu/Desktop/Class/UTD/AIM/UIEB/reference-890/451_img_.png
/mnt/c/users/neezu/Desktop/Class/UTD/AIM/UIEB/raw-890/452_img_.png,/mnt/c/users/neezu/Desktop/Class/UTD/AIM/UIEB/reference-890/452_img_.png
/mnt/c/users/neezu/Desktop/Class/UTD/AIM/UIEB/raw-890/453_img_.png,/mnt/c/users/neezu/Desktop/Class/UTD/AIM/UIEB/reference-890/453_img_.png
/mnt/c/users/neezu/Desktop/Class/UTD/AIM/UIEB/raw-890/454_img_.png,/mnt/c/users/neezu/Desktop/Class/UTD/AIM/UIEB/reference-890/454_img_.png
/mnt/c/users/neezu/Desktop/Class/UTD/AIM/UIEB/raw-890/455_img_.png,/mnt/c/users/neezu/Desktop/Class/UTD/AIM/UIEB/reference-890/455_img_.png
/mnt/c/users/neezu/Desktop/Class/UTD/AIM/UIEB/raw-890/457_img_.png,/mnt/c/users/neezu/Desktop/Class/UTD/AIM/UIEB/reference-890/457_img_.png
/mnt/c/users/neezu/Desktop/Class/UTD/AIM/UIEB/raw-890/458_img_.png,/mnt/c/users/neezu/Desktop/Class/UTD/AIM/UIEB/reference-890/458_img_.png
/mnt/c/users/neezu/Desktop/Class/UTD/AIM/UIEB/raw-890/459_img_.png,/mnt/c/users/neezu/Desktop/Class/UTD/AIM/UIEB/reference-890/459_img_.png
/mnt/c/users/neezu/Desktop/Class/UTD/AIM/UIEB/raw-890/45_img_.png,/mnt/c/users/neezu/Desktop/Class/UTD/AIM/UIEB/reference-890/45_img_.png
/mnt/c/users/neezu/Desktop/Class/UTD/AIM/UIEB/raw-890/460_img_.png,/mnt/c/users/neezu/Desktop/Class/UTD/AIM/UIEB/reference-890/460_img_.png
/mnt/c/users/neezu/Desktop/Class/UTD/AIM/UIEB/raw-890/461_img_.png,/mnt/c/users/neezu/Desktop/Class/UTD/AIM/UIEB/reference-890/461_img_.png
/mnt/c/users/neezu/Desktop/Class/UTD/AIM/UIEB/raw-890/462_img_.png,/mnt/c/users/neezu/Desktop/Class/UTD/AIM/UIEB/reference-890/462_img_.png
/mnt/c/users/neezu/Desktop/Class/UTD/AIM/UIEB/raw-890/463_img_.png,/mnt/c/users/neezu/Desktop/Class/UTD/AIM/UIEB/reference-890/463_img_.png
/mnt/c/users/neezu/Desktop/Class/UTD/AIM/UIEB/raw-890/464_img_.png,/mnt/c/users/neezu/Desktop/Class/UTD/AIM/UIEB/reference-890/464_img_.png
/mnt/c/users/neezu/Desktop/Class/UTD/AIM/UIEB/raw-890/465_img_.png,/mnt/c/users/neezu/Desktop/Class/UTD/AIM/UIEB/reference-890/465_img_.png
/mnt/c/users/neezu/Desktop/Class/UTD/AIM/UIEB/raw-890/466_img_.png,/mnt/c/users/neezu/Desktop/Class/UTD/AIM/UIEB/reference-890/466_img_.png
/mnt/c/users/neezu/Desktop/Class/UTD/AIM/UIEB/raw-890/467_img_.png,/mnt/c/users/neezu/Desktop/Class/UTD/AIM/UIEB/reference-890/467_img_.png
/mnt/c/users/neezu/Desktop/Class/UTD/AIM/UIEB/raw-890/468_img_.png,/mnt/c/users/neezu/Desktop/Class/UTD/AIM/UIEB/reference-890/468_img_.png
/mnt/c/users/neezu/Desktop/Class/UTD/AIM/UIEB/raw-890/469_img_.png,/mnt/c/users/neezu/Desktop/Class/UTD/AIM/UIEB/reference-890/469_img_.png
/mnt/c/users/neezu/Desktop/Class/UTD/AIM/UIEB/raw-890/46_img_.png,/mnt/c/users/neezu/Desktop/Class/UTD/AIM/UIEB/reference-890/46_img_.png
/mnt/c/users/neezu/Desktop/Class/UTD/AIM/UIEB/raw-890/470_img_.png,/mnt/c/users/neezu/Desktop/Class/UTD/AIM/UIEB/reference-890/470_img_.png
/mnt/c/users/neezu/Desktop/Class/UTD/AIM/UIEB/raw-890/471_img_.png,/mnt/c/users/neezu/Desktop/Class/UTD/AIM/UIEB/reference-890/471_img_.png
/mnt/c/users/neezu/Desktop/Class/UTD/AIM/UIEB/raw-890/472_img_.png,/mnt/c/users/neezu/Desktop/Class/UTD/AIM/UIEB/reference-890/472_img_.png
/mnt/c/users/neezu/Desktop/Class/UTD/AIM/UIEB/raw-890/473_img_.png,/mnt/c/users/neezu/Desktop/Class/UTD/AIM/UIEB/reference-890/473_img_.png
/mnt/c/users/neezu/Desktop/Class/UTD/AIM/UIEB/raw-890/476_img_.png,/mnt/c/users/neezu/Desktop/Class/UTD/AIM/UIEB/reference-890/476_img_.png
/mnt/c/users/neezu/Desktop/Class/UTD/AIM/UIEB/raw-890/477_img_.png,/mnt/c/users/neezu/Desktop/Class/UTD/AIM/UIEB/reference-890/477_img_.png
/mnt/c/users/neezu/Desktop/Class/UTD/AIM/UIEB/raw-890/478_img_.png,/mnt/c/users/neezu/Desktop/Class/UTD/AIM/UIEB/reference-890/478_img_.png
/mnt/c/users/neezu/Desktop/Class/UTD/AIM/UIEB/raw-890/479_img_.png,/mnt/c/users/neezu/Desktop/Class/UTD/AIM/UIEB/reference-890/479_img_.png
/mnt/c/users/neezu/Desktop/Class/UTD/AIM/UIEB/raw-890/480_img_.png,/mnt/c/users/neezu/Desktop/Class/UTD/AIM/UIEB/reference-890/480_img_.png
/mnt/c/users/neezu/Desktop/Class/UTD/AIM/UIEB/raw-890/481_img_.png,/mnt/c/users/neezu/Desktop/Class/UTD/AIM/UIEB/reference-890/481_img_.png
/mnt/c/users/neezu/Desktop/Class/UTD/AIM/UIEB/raw-890/482_img_.png,/mnt/c/users/neezu/Desktop/Class/UTD/AIM/UIEB/reference-890/482_img_.png
/mnt/c/users/neezu/Desktop/Class/UTD/AIM/UIEB/raw-890/483_img_.png,/mnt/c/users/neezu/Desktop/Class/UTD/AIM/UIEB/reference-890/483_img_.png
/mnt/c/users/neezu/Desktop/Class/UTD/AIM/UIEB/raw-890/484_img_.png,/mnt/c/users/neezu/Desktop/Class/UTD/AIM/UIEB/reference-890/484_img_.png
/mnt/c/users/neezu/Desktop/Class/UTD/AIM/UIEB/raw-890/485_img_.png,/mnt/c/users/neezu/Desktop/Class/UTD/AIM/UIEB/reference-890/485_img_.png
/mnt/c/users/neezu/Desktop/Class/UTD/AIM/UIEB/raw-890/486_img_.png,/mnt/c/users/neezu/Desktop/Class/UTD/AIM/UIEB/reference-890/486_img_.png
/mnt/c/users/neezu/Desktop/Class/UTD/AIM/UIEB/raw-890/487_img_.png,/mnt/c/users/neezu/Desktop/Class/UTD/AIM/UIEB/reference-890/487_img_.png
/mnt/c/users/neezu/Desktop/Class/UTD/AIM/UIEB/raw-890/488_img_.png,/mnt/c/users/neezu/Desktop/Class/UTD/AIM/UIEB/reference-890/488_img_.png
/mnt/c/users/neezu/Desktop/Class/UTD/AIM/UIEB/raw-890/489_img_.png,/mnt/c/users/neezu/Desktop/Class/UTD/AIM/UIEB/reference-890/489_img_.png
/mnt/c/users/neezu/Desktop/Class/UTD/AIM/UIEB/raw-890/48_img_.png,/mnt/c/users/neezu/Desktop/Class/UTD/AIM/UIEB/reference-890/48_img_.png
/mnt/c/users/neezu/Desktop/Class/UTD/AIM/UIEB/raw-890/490_img_.png,/mnt/c/users/neezu/Desktop/Class/UTD/AIM/UIEB/reference-890/490_img_.png
/mnt/c/users/neezu/Desktop/Class/UTD/AIM/UIEB/raw-890/491_img_.png,/mnt/c/users/neezu/Desktop/Class/UTD/AIM/UIEB/reference-890/491_img_.png
/mnt/c/users/neezu/Desktop/Class/UTD/AIM/UIEB/raw-890/492_img_.png,/mnt/c/users/neezu/Desktop/Class/UTD/AIM/UIEB/reference-890/492_img_.png
/mnt/c/users/neezu/Desktop/Class/UTD/AIM/UIEB/raw-890/493_img_.png,/mnt/c/users/neezu/Desktop/Class/UTD/AIM/UIEB/reference-890/493_img_.png
/mnt/c/users/neezu/Desktop/Class/UTD/AIM/UIEB/raw-890/494_img_.png,/mnt/c/users/neezu/Desktop/Class/UTD/AIM/UIEB/reference-890/494_img_.png
/mnt/c/users/neezu/Desktop/Class/UTD/AIM/UIEB/raw-890/495_img_.png,/mnt/c/users/neezu/Desktop/Class/UTD/AIM/UIEB/reference-890/495_img_.png
/mnt/c/users/neezu/Desktop/Class/UTD/AIM/UIEB/raw-890/496_img_.png,/mnt/c/users/neezu/Desktop/Class/UTD/AIM/UIEB/reference-890/496_img_.png
/mnt/c/users/neezu/Desktop/Class/UTD/AIM/UIEB/raw-890/497_img_.png,/mnt/c/users/neezu/Desktop/Class/UTD/AIM/UIEB/reference-890/497_img_.png
/mnt/c/users/neezu/Desktop/Class/UTD/AIM/UIEB/raw-890/498_img_.png,/mnt/c/users/neezu/Desktop/Class/UTD/AIM/UIEB/reference-890/498_img_.png
/mnt/c/users/neezu/Desktop/Class/UTD/AIM/UIEB/raw-890/499_img_.png,/mnt/c/users/neezu/Desktop/Class/UTD/AIM/UIEB/reference-890/499_img_.png
/mnt/c/users/neezu/Desktop/Class/UTD/AIM/UIEB/raw-890/49_img_.png,/mnt/c/users/neezu/Desktop/Class/UTD/AIM/UIEB/reference-890/49_img_.png
/mnt/c/users/neezu/Desktop/Class/UTD/AIM/UIEB/raw-890/4_img_.png,/mnt/c/users/neezu/Desktop/Class/UTD/AIM/UIEB/reference-890/4_img_.png
/mnt/c/users/neezu/Desktop/Class/UTD/AIM/UIEB/raw-890/501_img_.png,/mnt/c/users/neezu/Desktop/Class/UTD/AIM/UIEB/reference-890/501_img_.png
/mnt/c/users/neezu/Desktop/Class/UTD/AIM/UIEB/raw-890/502_img_.png,/mnt/c/users/neezu/Desktop/Class/UTD/AIM/UIEB/reference-890/502_img_.png
/mnt/c/users/neezu/Desktop/Class/UTD/AIM/UIEB/raw-890/503_img_.png,/mnt/c/users/neezu/Desktop/Class/UTD/AIM/UIEB/reference-890/503_img_.png
/mnt/c/users/neezu/Desktop/Class/UTD/AIM/UIEB/raw-890/504_img_.png,/mnt/c/users/neezu/Desktop/Class/UTD/AIM/UIEB/reference-890/504_img_.png
/mnt/c/users/neezu/Desktop/Class/UTD/AIM/UIEB/raw-890/505_img_.png,/mnt/c/users/neezu/Desktop/Class/UTD/AIM/UIEB/reference-890/505_img_.png
/mnt/c/users/neezu/Desktop/Class/UTD/AIM/UIEB/raw-890/506_img_.png,/mnt/c/users/neezu/Desktop/Class/UTD/AIM/UIEB/reference-890/506_img_.png
/mnt/c/users/neezu/Desktop/Class/UTD/AIM/UIEB/raw-890/507_img_.png,/mnt/c/users/neezu/Desktop/Class/UTD/AIM/UIEB/reference-890/507_img_.png
/mnt/c/users/neezu/Desktop/Class/UTD/AIM/UIEB/raw-890/508_img_.png,/mnt/c/users/neezu/Desktop/Class/UTD/AIM/UIEB/reference-890/508_img_.png
/mnt/c/users/neezu/Desktop/Class/UTD/AIM/UIEB/raw-890/509_img_.png,/mnt/c/users/neezu/Desktop/Class/UTD/AIM/UIEB/reference-890/509_img_.png
/mnt/c/users/neezu/Desktop/Class/UTD/AIM/UIEB/raw-890/50_img_.png,/mnt/c/users/neezu/Desktop/Class/UTD/AIM/UIEB/reference-890/50_img_.png
/mnt/c/users/neezu/Desktop/Class/UTD/AIM/UIEB/raw-890/510_img_.png,/mnt/c/users/neezu/Desktop/Class/UTD/AIM/UIEB/reference-890/510_img_.png
/mnt/c/users/neezu/Desktop/Class/UTD/AIM/UIEB/raw-890/511_img_.png,/mnt/c/users/neezu/Desktop/Class/UTD/AIM/UIEB/reference-890/511_img_.png
/mnt/c/users/neezu/Desktop/Class/UTD/AIM/UIEB/raw-890/512_img_.png,/mnt/c/users/neezu/Desktop/Class/UTD/AIM/UIEB/reference-890/512_img_.png
/mnt/c/users/neezu/Desktop/Class/UTD/AIM/UIEB/raw-890/513_img_.png,/mnt/c/users/neezu/Desktop/Class/UTD/AIM/UIEB/reference-890/513_img_.png
/mnt/c/users/neezu/Desktop/Class/UTD/AIM/UIEB/raw-890/515_img_.png,/mnt/c/users/neezu/Desktop/Class/UTD/AIM/UIEB/reference-890/515_img_.png
/mnt/c/users/neezu/Desktop/Class/UTD/AIM/UIEB/raw-890/516_img_.png,/mnt/c/users/neezu/Desktop/Class/UTD/AIM/UIEB/reference-890/516_img_.png
/mnt/c/users/neezu/Desktop/Class/UTD/AIM/UIEB/raw-890/517_img_.png,/mnt/c/users/neezu/Desktop/Class/UTD/AIM/UIEB/reference-890/517_img_.png
/mnt/c/users/neezu/Desktop/Class/UTD/AIM/UIEB/raw-890/518_img_.png,/mnt/c/users/neezu/Desktop/Class/UTD/AIM/UIEB/reference-890/518_img_.png
/mnt/c/users/neezu/Desktop/Class/UTD/AIM/UIEB/raw-890/519_img_.png,/mnt/c/users/neezu/Desktop/Class/UTD/AIM/UIEB/reference-890/519_img_.png
/mnt/c/users/neezu/Desktop/Class/UTD/AIM/UIEB/raw-890/51_img_.png,/mnt/c/users/neezu/Desktop/Class/UTD/AIM/UIEB/reference-890/51_img_.png
/mnt/c/users/neezu/Desktop/Class/UTD/AIM/UIEB/raw-890/524_img_.png,/mnt/c/users/neezu/Desktop/Class/UTD/AIM/UIEB/reference-890/524_img_.png
/mnt/c/users/neezu/Desktop/Class/UTD/AIM/UIEB/raw-890/526_img_.png,/mnt/c/users/neezu/Desktop/Class/UTD/AIM/UIEB/reference-890/526_img_.png
/mnt/c/users/neezu/Desktop/Class/UTD/AIM/UIEB/raw-890/527_img_.png,/mnt/c/users/neezu/Desktop/Class/UTD/AIM/UIEB/reference-890/527_img_.png
/mnt/c/users/neezu/Desktop/Class/UTD/AIM/UIEB/raw-890/528_img_.png,/mnt/c/users/neezu/Desktop/Class/UTD/AIM/UIEB/reference-890/528_img_.png
/mnt/c/users/neezu/Desktop/Class/UTD/AIM/UIEB/raw-890/52_img_.png,/mnt/c/users/neezu/Desktop/Class/UTD/AIM/UIEB/reference-890/52_img_.png
/mnt/c/users/neezu/Desktop/Class/UTD/AIM/UIEB/raw-890/530_img_.png,/mnt/c/users/neezu/Desktop/Class/UTD/AIM/UIEB/reference-890/530_img_.png
/mnt/c/users/neezu/Desktop/Class/UTD/AIM/UIEB/raw-890/531_img_.png,/mnt/c/users/neezu/Desktop/Class/UTD/AIM/UIEB/reference-890/531_img_.png
/mnt/c/users/neezu/Desktop/Class/UTD/AIM/UIEB/raw-890/532_img_.png,/mnt/c/users/neezu/Desktop/Class/UTD/AIM/UIEB/reference-890/532_img_.png
/mnt/c/users/neezu/Desktop/Class/UTD/AIM/UIEB/raw-890/533_img_.png,/mnt/c/users/neezu/Desktop/Class/UTD/AIM/UIEB/reference-890/533_img_.png
/mnt/c/users/neezu/Desktop/Class/UTD/AIM/UIEB/raw-890/534_img_.png,/mnt/c/users/neezu/Desktop/Class/UTD/AIM/UIEB/reference-890/534_img_.png
/mnt/c/users/neezu/Desktop/Class/UTD/AIM/UIEB/raw-890/535_img_.png,/mnt/c/users/neezu/Desktop/Class/UTD/AIM/UIEB/reference-890/535_img_.png
/mnt/c/users/neezu/Desktop/Class/UTD/AIM/UIEB/raw-890/536_img_.png,/mnt/c/users/neezu/Desktop/Class/UTD/AIM/UIEB/reference-890/536_img_.png
/mnt/c/users/neezu/Desktop/Class/UTD/AIM/UIEB/raw-890/537_img_.png,/mnt/c/users/neezu/Desktop/Class/UTD/AIM/UIEB/reference-890/537_img_.png
/mnt/c/users/neezu/Desktop/Class/UTD/AIM/UIEB/raw-890/538_img_.png,/mnt/c/users/neezu/Desktop/Class/UTD/AIM/UIEB/reference-890/538_img_.png
/mnt/c/users/neezu/Desktop/Class/UTD/AIM/UIEB/raw-890/539.png,/mnt/c/users/neezu/Desktop/Class/UTD/AIM/UIEB/reference-890/539.png
/mnt/c/users/neezu/Desktop/Class/UTD/AIM/UIEB/raw-890/539_img_.png,/mnt/c/users/neezu/Desktop/Class/UTD/AIM/UIEB/reference-890/539_img_.png
/mnt/c/users/neezu/Desktop/Class/UTD/AIM/UIEB/raw-890/53_img_.png,/mnt/c/users/neezu/Desktop/Class/UTD/AIM/UIEB/reference-890/53_img_.png
/mnt/c/users/neezu/Desktop/Class/UTD/AIM/UIEB/raw-890/540_img_.png,/mnt/c/users/neezu/Desktop/Class/UTD/AIM/UIEB/reference-890/540_img_.png
/mnt/c/users/neezu/Desktop/Class/UTD/AIM/UIEB/raw-890/541_img_.png,/mnt/c/users/neezu/Desktop/Class/UTD/AIM/UIEB/reference-890/541_img_.png
/mnt/c/users/neezu/Desktop/Class/UTD/AIM/UIEB/raw-890/542_img_.png,/mnt/c/users/neezu/Desktop/Class/UTD/AIM/UIEB/reference-890/542_img_.png
/mnt/c/users/neezu/Desktop/Class/UTD/AIM/UIEB/raw-890/543_img_.png,/mnt/c/users/neezu/Desktop/Class/UTD/AIM/UIEB/reference-890/543_img_.png
/mnt/c/users/neezu/Desktop/Class/UTD/AIM/UIEB/raw-890/544_img_.png,/mnt/c/users/neezu/Desktop/Class/UTD/AIM/UIEB/reference-890/544_img_.png
/mnt/c/users/neezu/Desktop/Class/UTD/AIM/UIEB/raw-890/545_img_.png,/mnt/c/users/neezu/Desktop/Class/UTD/AIM/UIEB/reference-890/545_img_.png
/mnt/c/users/neezu/Desktop/Class/UTD/AIM/UIEB/raw-890/546_img_.png,/mnt/c/users/neezu/Desktop/Class/UTD/AIM/UIEB/reference-890/546_img_.png
/mnt/c/users/neezu/Desktop/Class/UTD/AIM/UIEB/raw-890/547_img_.png,/mnt/c/users/neezu/Desktop/Class/UTD/AIM/UIEB/reference-890/547_img_.png
/mnt/c/users/neezu/Desktop/Class/UTD/AIM/UIEB/raw-890/549_img_.png,/mnt/c/users/neezu/Desktop/Class/UTD/AIM/UIEB/reference-890/549_img_.png
/mnt/c/users/neezu/Desktop/Class/UTD/AIM/UIEB/raw-890/550_img_.png,/mnt/c/users/neezu/Desktop/Class/UTD/AIM/UIEB/reference-890/550_img_.png
/mnt/c/users/neezu/Desktop/Class/UTD/AIM/UIEB/raw-890/551_img_.png,/mnt/c/users/neezu/Desktop/Class/UTD/AIM/UIEB/reference-890/551_img_.png
/mnt/c/users/neezu/Desktop/Class/UTD/AIM/UIEB/raw-890/552_img_.png,/mnt/c/users/neezu/Desktop/Class/UTD/AIM/UIEB/reference-890/552_img_.png
/mnt/c/users/neezu/Desktop/Class/UTD/AIM/UIEB/raw-890/554_img_.png,/mnt/c/users/neezu/Desktop/Class/UTD/AIM/UIEB/reference-890/554_img_.png
/mnt/c/users/neezu/Desktop/Class/UTD/AIM/UIEB/raw-890/5554.png,/mnt/c/users/neezu/Desktop/Class/UTD/AIM/UIEB/reference-890/5554.png
/mnt/c/users/neezu/Desktop/Class/UTD/AIM/UIEB/raw-890/555_img_.png,/mnt/c/users/neezu/Desktop/Class/UTD/AIM/UIEB/reference-890/555_img_.png
/mnt/c/users/neezu/Desktop/Class/UTD/AIM/UIEB/raw-890/556_img_.png,/mnt/c/users/neezu/Desktop/Class/UTD/AIM/UIEB/reference-890/556_img_.png
/mnt/c/users/neezu/Desktop/Class/UTD/AIM/UIEB/raw-890/557.png,/mnt/c/users/neezu/Desktop/Class/UTD/AIM/UIEB/reference-890/557.png
/mnt/c/users/neezu/Desktop/Class/UTD/AIM/UIEB/raw-890/557_img_.png,/mnt/c/users/neezu/Desktop/Class/UTD/AIM/UIEB/reference-890/557_img_.png
/mnt/c/users/neezu/Desktop/Class/UTD/AIM/UIEB/raw-890/558_img_.png,/mnt/c/users/neezu/Desktop/Class/UTD/AIM/UIEB/reference-890/558_img_.png
/mnt/c/users/neezu/Desktop/Class/UTD/AIM/UIEB/raw-890/559.png,/mnt/c/users/neezu/Desktop/Class/UTD/AIM/UIEB/reference-890/559.png
/mnt/c/users/neezu/Desktop/Class/UTD/AIM/UIEB/raw-890/55_img_.png,/mnt/c/users/neezu/Desktop/Class/UTD/AIM/UIEB/reference-890/55_img_.png
/mnt/c/users/neezu/Desktop/Class/UTD/AIM/UIEB/raw-890/560_img_.png,/mnt/c/users/neezu/Desktop/Class/UTD/AIM/UIEB/reference-890/560_img_.png
/mnt/c/users/neezu/Desktop/Class/UTD/AIM/UIEB/raw-890/561_img_.png,/mnt/c/users/neezu/Desktop/Class/UTD/AIM/UIEB/reference-890/561_img_.png
/mnt/c/users/neezu/Desktop/Class/UTD/AIM/UIEB/raw-890/562_img_.png,/mnt/c/users/neezu/Desktop/Class/UTD/AIM/UIEB/reference-890/562_img_.png
/mnt/c/users/neezu/Desktop/Class/UTD/AIM/UIEB/raw-890/563.png,/mnt/c/users/neezu/Desktop/Class/UTD/AIM/UIEB/reference-890/563.png
/mnt/c/users/neezu/Desktop/Class/UTD/AIM/UIEB/raw-890/563_img_.png,/mnt/c/users/neezu/Desktop/Class/UTD/AIM/UIEB/reference-890/563_img_.png
/mnt/c/users/neezu/Desktop/Class/UTD/AIM/UIEB/raw-890/564_img_.png,/mnt/c/users/neezu/Desktop/Class/UTD/AIM/UIEB/reference-890/564_img_.png
/mnt/c/users/neezu/Desktop/Class/UTD/AIM/UIEB/raw-890/566_img_.png,/mnt/c/users/neezu/Desktop/Class/UTD/AIM/UIEB/reference-890/566_img_.png
/mnt/c/users/neezu/Desktop/Class/UTD/AIM/UIEB/raw-890/567.png,/mnt/c/users/neezu/Desktop/Class/UTD/AIM/UIEB/reference-890/567.png
/mnt/c/users/neezu/Desktop/Class/UTD/AIM/UIEB/raw-890/567_img_.png,/mnt/c/users/neezu/Desktop/Class/UTD/AIM/UIEB/reference-890/567_img_.png
/mnt/c/users/neezu/Desktop/Class/UTD/AIM/UIEB/raw-890/568_img_.png,/mnt/c/users/neezu/Desktop/Class/UTD/AIM/UIEB/reference-890/568_img_.png
/mnt/c/users/neezu/Desktop/Class/UTD/AIM/UIEB/raw-890/569_img_.png,/mnt/c/users/neezu/Desktop/Class/UTD/AIM/UIEB/reference-890/569_img_.png
/mnt/c/users/neezu/Desktop/Class/UTD/AIM/UIEB/raw-890/56_img_.png,/mnt/c/users/neezu/Desktop/Class/UTD/AIM/UIEB/reference-890/56_img_.png
/mnt/c/users/neezu/Desktop/Class/UTD/AIM/UIEB/raw-890/570_img_.png,/mnt/c/users/neezu/Desktop/Class/UTD/AIM/UIEB/reference-890/570_img_.png
/mnt/c/users/neezu/Desktop/Class/UTD/AIM/UIEB/raw-890/571_img_.png,/mnt/c/users/neezu/Desktop/Class/UTD/AIM/UIEB/reference-890/571_img_.png
/mnt/c/users/neezu/Desktop/Class/UTD/AIM/UIEB/raw-890/572_img_.png,/mnt/c/users/neezu/Desktop/Class/UTD/AIM/UIEB/reference-890/572_img_.png
/mnt/c/users/neezu/Desktop/Class/UTD/AIM/UIEB/raw-890/573_img_.png,/mnt/c/users/neezu/Desktop/Class/UTD/AIM/UIEB/reference-890/573_img_.png
/mnt/c/users/neezu/Desktop/Class/UTD/AIM/UIEB/raw-890/574_img_.png,/mnt/c/users/neezu/Desktop/Class/UTD/AIM/UIEB/reference-890/574_img_.png
/mnt/c/users/neezu/Desktop/Class/UTD/AIM/UIEB/raw-890/575_img_.png,/mnt/c/users/neezu/Desktop/Class/UTD/AIM/UIEB/reference-890/575_img_.png
/mnt/c/users/neezu/Desktop/Class/UTD/AIM/UIEB/raw-890/576_img_.png,/mnt/c/users/neezu/Desktop/Class/UTD/AIM/UIEB/reference-890/576_img_.png
/mnt/c/users/neezu/Desktop/Class/UTD/AIM/UIEB/raw-890/577_img_.png,/mnt/c/users/neezu/Desktop/Class/UTD/AIM/UIEB/reference-890/577_img_.png
/mnt/c/users/neezu/Desktop/Class/UTD/AIM/UIEB/raw-890/578_img_.png,/mnt/c/users/neezu/Desktop/Class/UTD/AIM/UIEB/reference-890/578_img_.png
/mnt/c/users/neezu/Desktop/Class/UTD/AIM/UIEB/raw-890/579_img_.png,/mnt/c/users/neezu/Desktop/Class/UTD/AIM/UIEB/reference-890/579_img_.png
/mnt/c/users/neezu/Desktop/Class/UTD/AIM/UIEB/raw-890/57_img_.png,/mnt/c/users/neezu/Desktop/Class/UTD/AIM/UIEB/reference-890/57_img_.png
/mnt/c/users/neezu/Desktop/Class/UTD/AIM/UIEB/raw-890/580_img_.png,/mnt/c/users/neezu/Desktop/Class/UTD/AIM/UIEB/reference-890/580_img_.png
/mnt/c/users/neezu/Desktop/Class/UTD/AIM/UIEB/raw-890/5818.png,/mnt/c/users/neezu/Desktop/Class/UTD/AIM/UIEB/reference-890/5818.png
/mnt/c/users/neezu/Desktop/Class/UTD/AIM/UIEB/raw-890/581_img_.png,/mnt/c/users/neezu/Desktop/Class/UTD/AIM/UIEB/reference-890/581_img_.png
/mnt/c/users/neezu/Desktop/Class/UTD/AIM/UIEB/raw-890/582_img_.png,/mnt/c/users/neezu/Desktop/Class/UTD/AIM/UIEB/reference-890/582_img_.png
/mnt/c/users/neezu/Desktop/Class/UTD/AIM/UIEB/raw-890/5830.png,/mnt/c/users/neezu/Desktop/Class/UTD/AIM/UIEB/reference-890/5830.png
/mnt/c/users/neezu/Desktop/Class/UTD/AIM/UIEB/raw-890/583_img_.png,/mnt/c/users/neezu/Desktop/Class/UTD/AIM/UIEB/reference-890/583_img_.png
/mnt/c/users/neezu/Desktop/Class/UTD/AIM/UIEB/raw-890/584_img_.png,/mnt/c/users/neezu/Desktop/Class/UTD/AIM/UIEB/reference-890/584_img_.png
/mnt/c/users/neezu/Desktop/Class/UTD/AIM/UIEB/raw-890/585_img_.png,/mnt/c/users/neezu/Desktop/Class/UTD/AIM/UIEB/reference-890/585_img_.png
/mnt/c/users/neezu/Desktop/Class/UTD/AIM/UIEB/raw-890/586_img_.png,/mnt/c/users/neezu/Desktop/Class/UTD/AIM/UIEB/reference-890/586_img_.png
/mnt/c/users/neezu/Desktop/Class/UTD/AIM/UIEB/raw-890/587_img_.png,/mnt/c/users/neezu/Desktop/Class/UTD/AIM/UIEB/reference-890/587_img_.png
/mnt/c/users/neezu/Desktop/Class/UTD/AIM/UIEB/raw-890/588_img_.png,/mnt/c/users/neezu/Desktop/Class/UTD/AIM/UIEB/reference-890/588_img_.png
/mnt/c/users/neezu/Desktop/Class/UTD/AIM/UIEB/raw-890/589_img_.png,/mnt/c/users/neezu/Desktop/Class/UTD/AIM/UIEB/reference-890/589_img_.png
/mnt/c/users/neezu/Desktop/Class/UTD/AIM/UIEB/raw-890/58_img_.png,/mnt/c/users/neezu/Desktop/Class/UTD/AIM/UIEB/reference-890/58_img_.png
/mnt/c/users/neezu/Desktop/Class/UTD/AIM/UIEB/raw-890/590_img_.png,/mnt/c/users/neezu/Desktop/Class/UTD/AIM/UIEB/reference-890/590_img_.png
/mnt/c/users/neezu/Desktop/Class/UTD/AIM/UIEB/raw-890/591_img_.png,/mnt/c/users/neezu/Desktop/Class/UTD/AIM/UIEB/reference-890/591_img_.png
/mnt/c/users/neezu/Desktop/Class/UTD/AIM/UIEB/raw-890/592_img_.png,/mnt/c/users/neezu/Desktop/Class/UTD/AIM/UIEB/reference-890/592_img_.png
/mnt/c/users/neezu/Desktop/Class/UTD/AIM/UIEB/raw-890/593_img_.png,/mnt/c/users/neezu/Desktop/Class/UTD/AIM/UIEB/reference-890/593_img_.png
/mnt/c/users/neezu/Desktop/Class/UTD/AIM/UIEB/raw-890/594_img_.png,/mnt/c/users/neezu/Desktop/Class/UTD/AIM/UIEB/reference-890/594_img_.png
/mnt/c/users/neezu/Desktop/Class/UTD/AIM/UIEB/raw-890/595_img_.png,/mnt/c/users/neezu/Desktop/Class/UTD/AIM/UIEB/reference-890/595_img_.png
/mnt/c/users/neezu/Desktop/Class/UTD/AIM/UIEB/raw-890/596_img_.png,/mnt/c/users/neezu/Desktop/Class/UTD/AIM/UIEB/reference-890/596_img_.png
/mnt/c/users/neezu/Desktop/Class/UTD/AIM/UIEB/raw-890/597_img_.png,/mnt/c/users/neezu/Desktop/Class/UTD/AIM/UIEB/reference-890/597_img_.png
/mnt/c/users/neezu/Desktop/Class/UTD/AIM/UIEB/raw-890/598.png,/mnt/c/users/neezu/Desktop/Class/UTD/AIM/UIEB/reference-890/598.png
/mnt/c/users/neezu/Desktop/Class/UTD/AIM/UIEB/raw-890/598_img_.png,/mnt/c/users/neezu/Desktop/Class/UTD/AIM/UIEB/reference-890/598_img_.png
/mnt/c/users/neezu/Desktop/Class/UTD/AIM/UIEB/raw-890/599_img_.png,/mnt/c/users/neezu/Desktop/Class/UTD/AIM/UIEB/reference-890/599_img_.png
/mnt/c/users/neezu/Desktop/Class/UTD/AIM/UIEB/raw-890/59_img_.png,/mnt/c/users/neezu/Desktop/Class/UTD/AIM/UIEB/reference-890/59_img_.png
/mnt/c/users/neezu/Desktop/Class/UTD/AIM/UIEB/raw-890/600_img_.png,/mnt/c/users/neezu/Desktop/Class/UTD/AIM/UIEB/reference-890/600_img_.png
/mnt/c/users/neezu/Desktop/Class/UTD/AIM/UIEB/raw-890/601_img_.png,/mnt/c/users/neezu/Desktop/Class/UTD/AIM/UIEB/reference-890/601_img_.png
/mnt/c/users/neezu/Desktop/Class/UTD/AIM/UIEB/raw-890/602_img_.png,/mnt/c/users/neezu/Desktop/Class/UTD/AIM/UIEB/reference-890/602_img_.png
/mnt/c/users/neezu/Desktop/Class/UTD/AIM/UIEB/raw-890/603_img_.png,/mnt/c/users/neezu/Desktop/Class/UTD/AIM/UIEB/reference-890/603_img_.png
/mnt/c/users/neezu/Desktop/Class/UTD/AIM/UIEB/raw-890/604_img_.png,/mnt/c/users/neezu/Desktop/Class/UTD/AIM/UIEB/reference-890/604_img_.png
/mnt/c/users/neezu/Desktop/Class/UTD/AIM/UIEB/raw-890/605_img_.png,/mnt/c/users/neezu/Desktop/Class/UTD/AIM/UIEB/reference-890/605_img_.png
/mnt/c/users/neezu/Desktop/Class/UTD/AIM/UIEB/raw-890/6062.png,/mnt/c/users/neezu/Desktop/Class/UTD/AIM/UIEB/reference-890/6062.png
/mnt/c/users/neezu/Desktop/Class/UTD/AIM/UIEB/raw-890/606_img_.png,/mnt/c/users/neezu/Desktop/Class/UTD/AIM/UIEB/reference-890/606_img_.png
/mnt/c/users/neezu/Desktop/Class/UTD/AIM/UIEB/raw-890/607_img_.png,/mnt/c/users/neezu/Desktop/Class/UTD/AIM/UIEB/reference-890/607_img_.png
/mnt/c/users/neezu/Desktop/Class/UTD/AIM/UIEB/raw-890/6082.png,/mnt/c/users/neezu/Desktop/Class/UTD/AIM/UIEB/reference-890/6082.png
/mnt/c/users/neezu/Desktop/Class/UTD/AIM/UIEB/raw-890/608_img_.png,/mnt/c/users/neezu/Desktop/Class/UTD/AIM/UIEB/reference-890/608_img_.png
/mnt/c/users/neezu/Desktop/Class/UTD/AIM/UIEB/raw-890/609_img_.png,/mnt/c/users/neezu/Desktop/Class/UTD/AIM/UIEB/reference-890/609_img_.png
/mnt/c/users/neezu/Desktop/Class/UTD/AIM/UIEB/raw-890/60_img_.png,/mnt/c/users/neezu/Desktop/Class/UTD/AIM/UIEB/reference-890/60_img_.png
/mnt/c/users/neezu/Desktop/Class/UTD/AIM/UIEB/raw-890/610_img_.png,/mnt/c/users/neezu/Desktop/Class/UTD/AIM/UIEB/reference-890/610_img_.png
/mnt/c/users/neezu/Desktop/Class/UTD/AIM/UIEB/raw-890/611_img_.png,/mnt/c/users/neezu/Desktop/Class/UTD/AIM/UIEB/reference-890/611_img_.png
/mnt/c/users/neezu/Desktop/Class/UTD/AIM/UIEB/raw-890/612_img_.png,/mnt/c/users/neezu/Desktop/Class/UTD/AIM/UIEB/reference-890/612_img_.png
/mnt/c/users/neezu/Desktop/Class/UTD/AIM/UIEB/raw-890/613_img_.png,/mnt/c/users/neezu/Desktop/Class/UTD/AIM/UIEB/reference-890/613_img_.png
/mnt/c/users/neezu/Desktop/Class/UTD/AIM/UIEB/raw-890/614_img_.png,/mnt/c/users/neezu/Desktop/Class/UTD/AIM/UIEB/reference-890/614_img_.png
/mnt/c/users/neezu/Desktop/Class/UTD/AIM/UIEB/raw-890/615_img_.png,/mnt/c/users/neezu/Desktop/Class/UTD/AIM/UIEB/reference-890/615_img_.png
/mnt/c/users/neezu/Desktop/Class/UTD/AIM/UIEB/raw-890/616_img_.png,/mnt/c/users/neezu/Desktop/Class/UTD/AIM/UIEB/reference-890/616_img_.png
/mnt/c/users/neezu/Desktop/Class/UTD/AIM/UIEB/raw-890/617_img_.png,/mnt/c/users/neezu/Desktop/Class/UTD/AIM/UIEB/reference-890/617_img_.png
/mnt/c/users/neezu/Desktop/Class/UTD/AIM/UIEB/raw-890/618_img_.png,/mnt/c/users/neezu/Desktop/Class/UTD/AIM/UIEB/reference-890/618_img_.png
/mnt/c/users/neezu/Desktop/Class/UTD/AIM/UIEB/raw-890/619_img_.png,/mnt/c/users/neezu/Desktop/Class/UTD/AIM/UIEB/reference-890/619_img_.png
/mnt/c/users/neezu/Desktop/Class/UTD/AIM/UIEB/raw-890/61_img_.png,/mnt/c/users/neezu/Desktop/Class/UTD/AIM/UIEB/reference-890/61_img_.png
/mnt/c/users/neezu/Desktop/Class/UTD/AIM/UIEB/raw-890/620_img_.png,/mnt/c/users/neezu/Desktop/Class/UTD/AIM/UIEB/reference-890/620_img_.png
/mnt/c/users/neezu/Desktop/Class/UTD/AIM/UIEB/raw-890/621_img_.png,/mnt/c/users/neezu/Desktop/Class/UTD/AIM/UIEB/reference-890/621_img_.png
/mnt/c/users/neezu/Desktop/Class/UTD/AIM/UIEB/raw-890/622_img_.png,/mnt/c/users/neezu/Desktop/Class/UTD/AIM/UIEB/reference-890/622_img_.png
/mnt/c/users/neezu/Desktop/Class/UTD/AIM/UIEB/raw-890/623_img_.png,/mnt/c/users/neezu/Desktop/Class/UTD/AIM/UIEB/reference-890/623_img_.png
/mnt/c/users/neezu/Desktop/Class/UTD/AIM/UIEB/raw-890/625_img_.png,/mnt/c/users/neezu/Desktop/Class/UTD/AIM/UIEB/reference-890/625_img_.png
/mnt/c/users/neezu/Desktop/Class/UTD/AIM/UIEB/raw-890/626_img_.png,/mnt/c/users/neezu/Desktop/Class/UTD/AIM/UIEB/reference-890/626_img_.png
/mnt/c/users/neezu/Desktop/Class/UTD/AIM/UIEB/raw-890/627_img_.png,/mnt/c/users/neezu/Desktop/Class/UTD/AIM/UIEB/reference-890/627_img_.png
/mnt/c/users/neezu/Desktop/Class/UTD/AIM/UIEB/raw-890/628_img_.png,/mnt/c/users/neezu/Desktop/Class/UTD/AIM/UIEB/reference-890/628_img_.png
/mnt/c/users/neezu/Desktop/Class/UTD/AIM/UIEB/raw-890/629_img_.png,/mnt/c/users/neezu/Desktop/Class/UTD/AIM/UIEB/reference-890/629_img_.png
/mnt/c/users/neezu/Desktop/Class/UTD/AIM/UIEB/raw-890/62_img_.png,/mnt/c/users/neezu/Desktop/Class/UTD/AIM/UIEB/reference-890/62_img_.png
/mnt/c/users/neezu/Desktop/Class/UTD/AIM/UIEB/raw-890/630_img_.png,/mnt/c/users/neezu/Desktop/Class/UTD/AIM/UIEB/reference-890/630_img_.png
/mnt/c/users/neezu/Desktop/Class/UTD/AIM/UIEB/raw-890/631_img_.png,/mnt/c/users/neezu/Desktop/Class/UTD/AIM/UIEB/reference-890/631_img_.png
/mnt/c/users/neezu/Desktop/Class/UTD/AIM/UIEB/raw-890/632_img_.png,/mnt/c/users/neezu/Desktop/Class/UTD/AIM/UIEB/reference-890/632_img_.png
/mnt/c/users/neezu/Desktop/Class/UTD/AIM/UIEB/raw-890/633_img_.png,/mnt/c/users/neezu/Desktop/Class/UTD/AIM/UIEB/reference-890/633_img_.png
/mnt/c/users/neezu/Desktop/Class/UTD/AIM/UIEB/raw-890/634_img_.png,/mnt/c/users/neezu/Desktop/Class/UTD/AIM/UIEB/reference-890/634_img_.png
/mnt/c/users/neezu/Desktop/Class/UTD/AIM/UIEB/raw-890/635_img_.png,/mnt/c/users/neezu/Desktop/Class/UTD/AIM/UIEB/reference-890/635_img_.png
/mnt/c/users/neezu/Desktop/Class/UTD/AIM/UIEB/raw-890/636_img_.png,/mnt/c/users/neezu/Desktop/Class/UTD/AIM/UIEB/reference-890/636_img_.png
/mnt/c/users/neezu/Desktop/Class/UTD/AIM/UIEB/raw-890/637_img_.png,/mnt/c/users/neezu/Desktop/Class/UTD/AIM/UIEB/reference-890/637_img_.png
/mnt/c/users/neezu/Desktop/Class/UTD/AIM/UIEB/raw-890/638_img_.png,/mnt/c/users/neezu/Desktop/Class/UTD/AIM/UIEB/reference-890/638_img_.png
/mnt/c/users/neezu/Desktop/Class/UTD/AIM/UIEB/raw-890/639_img_.png,/mnt/c/users/neezu/Desktop/Class/UTD/AIM/UIEB/reference-890/639_img_.png
/mnt/c/users/neezu/Desktop/Class/UTD/AIM/UIEB/raw-890/63_img_.png,/mnt/c/users/neezu/Desktop/Class/UTD/AIM/UIEB/reference-890/63_img_.png
/mnt/c/users/neezu/Desktop/Class/UTD/AIM/UIEB/raw-890/640_img_.png,/mnt/c/users/neezu/Desktop/Class/UTD/AIM/UIEB/reference-890/640_img_.png
/mnt/c/users/neezu/Desktop/Class/UTD/AIM/UIEB/raw-890/641_img_.png,/mnt/c/users/neezu/Desktop/Class/UTD/AIM/UIEB/reference-890/641_img_.png
/mnt/c/users/neezu/Desktop/Class/UTD/AIM/UIEB/raw-890/642_img_.png,/mnt/c/users/neezu/Desktop/Class/UTD/AIM/UIEB/reference-890/642_img_.png
/mnt/c/users/neezu/Desktop/Class/UTD/AIM/UIEB/raw-890/645_img_.png,/mnt/c/users/neezu/Desktop/Class/UTD/AIM/UIEB/reference-890/645_img_.png
/mnt/c/users/neezu/Desktop/Class/UTD/AIM/UIEB/raw-890/646_img_.png,/mnt/c/users/neezu/Desktop/Class/UTD/AIM/UIEB/reference-890/646_img_.png
/mnt/c/users/neezu/Desktop/Class/UTD/AIM/UIEB/raw-890/647_img_.png,/mnt/c/users/neezu/Desktop/Class/UTD/AIM/UIEB/reference-890/647_img_.png
/mnt/c/users/neezu/Desktop/Class/UTD/AIM/UIEB/raw-890/648_img_.png,/mnt/c/users/neezu/Desktop/Class/UTD/AIM/UIEB/reference-890/648_img_.png
/mnt/c/users/neezu/Desktop/Class/UTD/AIM/UIEB/raw-890/649_img_.png,/mnt/c/users/neezu/Desktop/Class/UTD/AIM/UIEB/reference-890/649_img_.png
/mnt/c/users/neezu/Desktop/Class/UTD/AIM/UIEB/raw-890/64_img_.png,/mnt/c/users/neezu/Desktop/Class/UTD/AIM/UIEB/reference-890/64_img_.png
/mnt/c/users/neezu/Desktop/Class/UTD/AIM/UIEB/raw-890/650_img_.png,/mnt/c/users/neezu/Desktop/Class/UTD/AIM/UIEB/reference-890/650_img_.png
/mnt/c/users/neezu/Desktop/Class/UTD/AIM/UIEB/raw-890/651.png,/mnt/c/users/neezu/Desktop/Class/UTD/AIM/UIEB/reference-890/651.png
/mnt/c/users/neezu/Desktop/Class/UTD/AIM/UIEB/raw-890/651_img_.png,/mnt/c/users/neezu/Desktop/Class/UTD/AIM/UIEB/reference-890/651_img_.png
/mnt/c/users/neezu/Desktop/Class/UTD/AIM/UIEB/raw-890/652_img_.png,/mnt/c/users/neezu/Desktop/Class/UTD/AIM/UIEB/reference-890/652_img_.png
/mnt/c/users/neezu/Desktop/Class/UTD/AIM/UIEB/raw-890/653_img_.png,/mnt/c/users/neezu/Desktop/Class/UTD/AIM/UIEB/reference-890/653_img_.png
/mnt/c/users/neezu/Desktop/Class/UTD/AIM/UIEB/raw-890/654_img_.png,/mnt/c/users/neezu/Desktop/Class/UTD/AIM/UIEB/reference-890/654_img_.png
/mnt/c/users/neezu/Desktop/Class/UTD/AIM/UIEB/raw-890/655_img_.png,/mnt/c/users/neezu/Desktop/Class/UTD/AIM/UIEB/reference-890/655_img_.png
/mnt/c/users/neezu/Desktop/Class/UTD/AIM/UIEB/raw-890/656_img_.png,/mnt/c/users/neezu/Desktop/Class/UTD/AIM/UIEB/reference-890/656_img_.png
/mnt/c/users/neezu/Desktop/Class/UTD/AIM/UIEB/raw-890/657_img_.png,/mnt/c/users/neezu/Desktop/Class/UTD/AIM/UIEB/reference-890/657_img_.png
/mnt/c/users/neezu/Desktop/Class/UTD/AIM/UIEB/raw-890/658_img_.png,/mnt/c/users/neezu/Desktop/Class/UTD/AIM/UIEB/reference-890/658_img_.png
/mnt/c/users/neezu/Desktop/Class/UTD/AIM/UIEB/raw-890/659_img_.png,/mnt/c/users/neezu/Desktop/Class/UTD/AIM/UIEB/reference-890/659_img_.png
/mnt/c/users/neezu/Desktop/Class/UTD/AIM/UIEB/raw-890/65_img_.png,/mnt/c/users/neezu/Desktop/Class/UTD/AIM/UIEB/reference-890/65_img_.png
/mnt/c/users/neezu/Desktop/Class/UTD/AIM/UIEB/raw-890/660_img_.png,/mnt/c/users/neezu/Desktop/Class/UTD/AIM/UIEB/reference-890/660_img_.png
/mnt/c/users/neezu/Desktop/Class/UTD/AIM/UIEB/raw-890/661_img_.png,/mnt/c/users/neezu/Desktop/Class/UTD/AIM/UIEB/reference-890/661_img_.png
/mnt/c/users/neezu/Desktop/Class/UTD/AIM/UIEB/raw-890/662_img_.png,/mnt/c/users/neezu/Desktop/Class/UTD/AIM/UIEB/reference-890/662_img_.png
/mnt/c/users/neezu/Desktop/Class/UTD/AIM/UIEB/raw-890/663_img_.png,/mnt/c/users/neezu/Desktop/Class/UTD/AIM/UIEB/reference-890/663_img_.png
/mnt/c/users/neezu/Desktop/Class/UTD/AIM/UIEB/raw-890/666_img_.png,/mnt/c/users/neezu/Desktop/Class/UTD/AIM/UIEB/reference-890/666_img_.png
/mnt/c/users/neezu/Desktop/Class/UTD/AIM/UIEB/raw-890/668_img_.png,/mnt/c/users/neezu/Desktop/Class/UTD/AIM/UIEB/reference-890/668_img_.png
/mnt/c/users/neezu/Desktop/Class/UTD/AIM/UIEB/raw-890/670_img_.png,/mnt/c/users/neezu/Desktop/Class/UTD/AIM/UIEB/reference-890/670_img_.png
/mnt/c/users/neezu/Desktop/Class/UTD/AIM/UIEB/raw-890/672_img_.png,/mnt/c/users/neezu/Desktop/Class/UTD/AIM/UIEB/reference-890/672_img_.png
/mnt/c/users/neezu/Desktop/Class/UTD/AIM/UIEB/raw-890/673_img_.png,/mnt/c/users/neezu/Desktop/Class/UTD/AIM/UIEB/reference-890/673_img_.png
/mnt/c/users/neezu/Desktop/Class/UTD/AIM/UIEB/raw-890/674_img_.png,/mnt/c/users/neezu/Desktop/Class/UTD/AIM/UIEB/reference-890/674_img_.png
/mnt/c/users/neezu/Desktop/Class/UTD/AIM/UIEB/raw-890/675_img_.png,/mnt/c/users/neezu/Desktop/Class/UTD/AIM/UIEB/reference-890/675_img_.png
/mnt/c/users/neezu/Desktop/Class/UTD/AIM/UIEB/raw-890/676_img_.png,/mnt/c/users/neezu/Desktop/Class/UTD/AIM/UIEB/reference-890/676_img_.png
/mnt/c/users/neezu/Desktop/Class/UTD/AIM/UIEB/raw-890/677_img_.png,/mnt/c/users/neezu/Desktop/Class/UTD/AIM/UIEB/reference-890/677_img_.png
/mnt/c/users/neezu/Desktop/Class/UTD/AIM/UIEB/raw-890/6788.png,/mnt/c/users/neezu/Desktop/Class/UTD/AIM/UIEB/reference-890/6788.png
/mnt/c/users/neezu/Desktop/Class/UTD/AIM/UIEB/raw-890/678_img_.png,/mnt/c/users/neezu/Desktop/Class/UTD/AIM/UIEB/reference-890/678_img_.png
/mnt/c/users/neezu/Desktop/Class/UTD/AIM/UIEB/raw-890/679_img_.png,/mnt/c/users/neezu/Desktop/Class/UTD/AIM/UIEB/reference-890/679_img_.png
/mnt/c/users/neezu/Desktop/Class/UTD/AIM/UIEB/raw-890/67_img_.png,/mnt/c/users/neezu/Desktop/Class/UTD/AIM/UIEB/reference-890/67_img_.png
/mnt/c/users/neezu/Desktop/Class/UTD/AIM/UIEB/raw-890/680_img_.png,/mnt/c/users/neezu/Desktop/Class/UTD/AIM/UIEB/reference-890/680_img_.png
/mnt/c/users/neezu/Desktop/Class/UTD/AIM/UIEB/raw-890/681_img_.png,/mnt/c/users/neezu/Desktop/Class/UTD/AIM/UIEB/reference-890/681_img_.png
/mnt/c/users/neezu/Desktop/Class/UTD/AIM/UIEB/raw-890/6820.png,/mnt/c/users/neezu/Desktop/Class/UTD/AIM/UIEB/reference-890/6820.png
/mnt/c/users/neezu/Desktop/Class/UTD/AIM/UIEB/raw-890/682_img_.png,/mnt/c/users/neezu/Desktop/Class/UTD/AIM/UIEB/reference-890/682_img_.png
/mnt/c/users/neezu/Desktop/Class/UTD/AIM/UIEB/raw-890/683_img_.png,/mnt/c/users/neezu/Desktop/Class/UTD/AIM/UIEB/reference-890/683_img_.png
/mnt/c/users/neezu/Desktop/Class/UTD/AIM/UIEB/raw-890/684_img_.png,/mnt/c/users/neezu/Desktop/Class/UTD/AIM/UIEB/reference-890/684_img_.png
/mnt/c/users/neezu/Desktop/Class/UTD/AIM/UIEB/raw-890/685_img_.png,/mnt/c/users/neezu/Desktop/Class/UTD/AIM/UIEB/reference-890/685_img_.png
/mnt/c/users/neezu/Desktop/Class/UTD/AIM/UIEB/raw-890/686_img_.png,/mnt/c/users/neezu/Desktop/Class/UTD/AIM/UIEB/reference-890/686_img_.png
/mnt/c/users/neezu/Desktop/Class/UTD/AIM/UIEB/raw-890/6872.png,/mnt/c/users/neezu/Desktop/Class/UTD/AIM/UIEB/reference-890/6872.png
/mnt/c/users/neezu/Desktop/Class/UTD/AIM/UIEB/raw-890/687_img_.png,/mnt/c/users/neezu/Desktop/Class/UTD/AIM/UIEB/reference-890/687_img_.png
/mnt/c/users/neezu/Desktop/Class/UTD/AIM/UIEB/raw-890/688_img_.png,/mnt/c/users/neezu/Desktop/Class/UTD/AIM/UIEB/reference-890/688_img_.png
/mnt/c/users/neezu/Desktop/Class/UTD/AIM/UIEB/raw-890/689_img_.png,/mnt/c/users/neezu/Desktop/Class/UTD/AIM/UIEB/reference-890/689_img_.png
/mnt/c/users/neezu/Desktop/Class/UTD/AIM/UIEB/raw-890/690_img_.png,/mnt/c/users/neezu/Desktop/Class/UTD/AIM/UIEB/reference-890/690_img_.png
/mnt/c/users/neezu/Desktop/Class/UTD/AIM/UIEB/raw-890/691_img_.png,/mnt/c/users/neezu/Desktop/Class/UTD/AIM/UIEB/reference-890/691_img_.png
/mnt/c/users/neezu/Desktop/Class/UTD/AIM/UIEB/raw-890/692_img_.png,/mnt/c/users/neezu/Desktop/Class/UTD/AIM/UIEB/reference-890/692_img_.png
/mnt/c/users/neezu/Desktop/Class/UTD/AIM/UIEB/raw-890/694_img_.png,/mnt/c/users/neezu/Desktop/Class/UTD/AIM/UIEB/reference-890/694_img_.png
/mnt/c/users/neezu/Desktop/Class/UTD/AIM/UIEB/raw-890/695_img_.png,/mnt/c/users/neezu/Desktop/Class/UTD/AIM/UIEB/reference-890/695_img_.png
/mnt/c/users/neezu/Desktop/Class/UTD/AIM/UIEB/raw-890/696_img_.png,/mnt/c/users/neezu/Desktop/Class/UTD/AIM/UIEB/reference-890/696_img_.png
/mnt/c/users/neezu/Desktop/Class/UTD/AIM/UIEB/raw-890/697_img_.png,/mnt/c/users/neezu/Desktop/Class/UTD/AIM/UIEB/reference-890/697_img_.png
/mnt/c/users/neezu/Desktop/Class/UTD/AIM/UIEB/raw-890/698_img_.png,/mnt/c/users/neezu/Desktop/Class/UTD/AIM/UIEB/reference-890/698_img_.png
/mnt/c/users/neezu/Desktop/Class/UTD/AIM/UIEB/raw-890/699_img_.png,/mnt/c/users/neezu/Desktop/Class/UTD/AIM/UIEB/reference-890/699_img_.png
/mnt/c/users/neezu/Desktop/Class/UTD/AIM/UIEB/raw-890/6_img_.png,/mnt/c/users/neezu/Desktop/Class/UTD/AIM/UIEB/reference-890/6_img_.png
/mnt/c/users/neezu/Desktop/Class/UTD/AIM/UIEB/raw-890/700_img_.png,/mnt/c/users/neezu/Desktop/Class/UTD/AIM/UIEB/reference-890/700_img_.png
/mnt/c/users/neezu/Desktop/Class/UTD/AIM/UIEB/raw-890/701_img_.png,/mnt/c/users/neezu/Desktop/Class/UTD/AIM/UIEB/reference-890/701_img_.png
/mnt/c/users/neezu/Desktop/Class/UTD/AIM/UIEB/raw-890/7027.png,/mnt/c/users/neezu/Desktop/Class/UTD/AIM/UIEB/reference-890/7027.png
/mnt/c/users/neezu/Desktop/Class/UTD/AIM/UIEB/raw-890/702_img_.png,/mnt/c/users/neezu/Desktop/Class/UTD/AIM/UIEB/reference-890/702_img_.png
/mnt/c/users/neezu/Desktop/Class/UTD/AIM/UIEB/raw-890/703_img_.png,/mnt/c/users/neezu/Desktop/Class/UTD/AIM/UIEB/reference-890/703_img_.png
/mnt/c/users/neezu/Desktop/Class/UTD/AIM/UIEB/raw-890/704_img_.png,/mnt/c/users/neezu/Desktop/Class/UTD/AIM/UIEB/reference-890/704_img_.png
/mnt/c/users/neezu/Desktop/Class/UTD/AIM/UIEB/raw-890/705_img_.png,/mnt/c/users/neezu/Desktop/Class/UTD/AIM/UIEB/reference-890/705_img_.png
/mnt/c/users/neezu/Desktop/Class/UTD/AIM/UIEB/raw-890/706_img_.png,/mnt/c/users/neezu/Desktop/Class/UTD/AIM/UIEB/reference-890/706_img_.png
/mnt/c/users/neezu/Desktop/Class/UTD/AIM/UIEB/raw-890/707_img_.png,/mnt/c/users/neezu/Desktop/Class/UTD/AIM/UIEB/reference-890/707_img_.png
/mnt/c/users/neezu/Desktop/Class/UTD/AIM/UIEB/raw-890/708_img_.png,/mnt/c/users/neezu/Desktop/Class/UTD/AIM/UIEB/reference-890/708_img_.png
/mnt/c/users/neezu/Desktop/Class/UTD/AIM/UIEB/raw-890/709_img_.png,/mnt/c/users/neezu/Desktop/Class/UTD/AIM/UIEB/reference-890/709_img_.png
/mnt/c/users/neezu/Desktop/Class/UTD/AIM/UIEB/raw-890/70_img_.png,/mnt/c/users/neezu/Desktop/Class/UTD/AIM/UIEB/reference-890/70_img_.png
/mnt/c/users/neezu/Desktop/Class/UTD/AIM/UIEB/raw-890/710_img_.png,/mnt/c/users/neezu/Desktop/Class/UTD/AIM/UIEB/reference-890/710_img_.png
/mnt/c/users/neezu/Desktop/Class/UTD/AIM/UIEB/raw-890/711_img_.png,/mnt/c/users/neezu/Desktop/Class/UTD/AIM/UIEB/reference-890/711_img_.png
/mnt/c/users/neezu/Desktop/Class/UTD/AIM/UIEB/raw-890/712_img_.png,/mnt/c/users/neezu/Desktop/Class/UTD/AIM/UIEB/reference-890/712_img_.png
/mnt/c/users/neezu/Desktop/Class/UTD/AIM/UIEB/raw-890/713_img_.png,/mnt/c/users/neezu/Desktop/Class/UTD/AIM/UIEB/reference-890/713_img_.png
/mnt/c/users/neezu/Desktop/Class/UTD/AIM/UIEB/raw-890/714_img_.png,/mnt/c/users/neezu/Desktop/Class/UTD/AIM/UIEB/reference-890/714_img_.png
/mnt/c/users/neezu/Desktop/Class/UTD/AIM/UIEB/raw-890/715_img_.png,/mnt/c/users/neezu/Desktop/Class/UTD/AIM/UIEB/reference-890/715_img_.png
/mnt/c/users/neezu/Desktop/Class/UTD/AIM/UIEB/raw-890/716_img_.png,/mnt/c/users/neezu/Desktop/Class/UTD/AIM/UIEB/reference-890/716_img_.png
/mnt/c/users/neezu/Desktop/Class/UTD/AIM/UIEB/raw-890/718_img_.png,/mnt/c/users/neezu/Desktop/Class/UTD/AIM/UIEB/reference-890/718_img_.png
/mnt/c/users/neezu/Desktop/Class/UTD/AIM/UIEB/raw-890/719_img_.png,/mnt/c/users/neezu/Desktop/Class/UTD/AIM/UIEB/reference-890/719_img_.png
/mnt/c/users/neezu/Desktop/Class/UTD/AIM/UIEB/raw-890/720_img_.png,/mnt/c/users/neezu/Desktop/Class/UTD/AIM/UIEB/reference-890/720_img_.png
/mnt/c/users/neezu/Desktop/Class/UTD/AIM/UIEB/raw-890/721_img_.png,/mnt/c/users/neezu/Desktop/Class/UTD/AIM/UIEB/reference-890/721_img_.png
/mnt/c/users/neezu/Desktop/Class/UTD/AIM/UIEB/raw-890/722_img_.png,/mnt/c/users/neezu/Desktop/Class/UTD/AIM/UIEB/reference-890/722_img_.png
/mnt/c/users/neezu/Desktop/Class/UTD/AIM/UIEB/raw-890/723_img_.png,/mnt/c/users/neezu/Desktop/Class/UTD/AIM/UIEB/reference-890/723_img_.png
/mnt/c/users/neezu/Desktop/Class/UTD/AIM/UIEB/raw-890/724_img_.png,/mnt/c/users/neezu/Desktop/Class/UTD/AIM/UIEB/reference-890/724_img_.png
/mnt/c/users/neezu/Desktop/Class/UTD/AIM/UIEB/raw-890/725_img_.png,/mnt/c/users/neezu/Desktop/Class/UTD/AIM/UIEB/reference-890/725_img_.png
/mnt/c/users/neezu/Desktop/Class/UTD/AIM/UIEB/raw-890/726_img_.png,/mnt/c/users/neezu/Desktop/Class/UTD/AIM/UIEB/reference-890/726_img_.png
/mnt/c/users/neezu/Desktop/Class/UTD/AIM/UIEB/raw-890/727_img_.png,/mnt/c/users/neezu/Desktop/Class/UTD/AIM/UIEB/reference-890/727_img_.png
/mnt/c/users/neezu/Desktop/Class/UTD/AIM/UIEB/raw-890/728_img_.png,/mnt/c/users/neezu/Desktop/Class/UTD/AIM/UIEB/reference-890/728_img_.png
/mnt/c/users/neezu/Desktop/Class/UTD/AIM/UIEB/raw-890/729_img_.png,/mnt/c/users/neezu/Desktop/Class/UTD/AIM/UIEB/reference-890/729_img_.png
/mnt/c/users/neezu/Desktop/Class/UTD/AIM/UIEB/raw-890/72_img_.png,/mnt/c/users/neezu/Desktop/Class/UTD/AIM/UIEB/reference-890/72_img_.png
/mnt/c/users/neezu/Desktop/Class/UTD/AIM/UIEB/raw-890/730_img_.png,/mnt/c/users/neezu/Desktop/Class/UTD/AIM/UIEB/reference-890/730_img_.png
/mnt/c/users/neezu/Desktop/Class/UTD/AIM/UIEB/raw-890/731_img_.png,/mnt/c/users/neezu/Desktop/Class/UTD/AIM/UIEB/reference-890/731_img_.png
/mnt/c/users/neezu/Desktop/Class/UTD/AIM/UIEB/raw-890/732_img_.png,/mnt/c/users/neezu/Desktop/Class/UTD/AIM/UIEB/reference-890/732_img_.png
/mnt/c/users/neezu/Desktop/Class/UTD/AIM/UIEB/raw-890/733_img_.png,/mnt/c/users/neezu/Desktop/Class/UTD/AIM/UIEB/reference-890/733_img_.png
/mnt/c/users/neezu/Desktop/Class/UTD/AIM/UIEB/raw-890/734_img_.png,/mnt/c/users/neezu/Desktop/Class/UTD/AIM/UIEB/reference-890/734_img_.png
/mnt/c/users/neezu/Desktop/Class/UTD/AIM/UIEB/raw-890/735_img_.png,/mnt/c/users/neezu/Desktop/Class/UTD/AIM/UIEB/reference-890/735_img_.png
/mnt/c/users/neezu/Desktop/Class/UTD/AIM/UIEB/raw-890/736_img_.png,/mnt/c/users/neezu/Desktop/Class/UTD/AIM/UIEB/reference-890/736_img_.png
/mnt/c/users/neezu/Desktop/Class/UTD/AIM/UIEB/raw-890/737_img_.png,/mnt/c/users/neezu/Desktop/Class/UTD/AIM/UIEB/reference-890/737_img_.png
/mnt/c/users/neezu/Desktop/Class/UTD/AIM/UIEB/raw-890/738_img_.png,/mnt/c/users/neezu/Desktop/Class/UTD/AIM/UIEB/reference-890/738_img_.png
/mnt/c/users/neezu/Desktop/Class/UTD/AIM/UIEB/raw-890/73_img_.png,/mnt/c/users/neezu/Desktop/Class/UTD/AIM/UIEB/reference-890/73_img_.png
/mnt/c/users/neezu/Desktop/Class/UTD/AIM/UIEB/raw-890/740_img_.png,/mnt/c/users/neezu/Desktop/Class/UTD/AIM/UIEB/reference-890/740_img_.png
/mnt/c/users/neezu/Desktop/Class/UTD/AIM/UIEB/raw-890/741_img_.png,/mnt/c/users/neezu/Desktop/Class/UTD/AIM/UIEB/reference-890/741_img_.png
/mnt/c/users/neezu/Desktop/Class/UTD/AIM/UIEB/raw-890/743_img_.png,/mnt/c/users/neezu/Desktop/Class/UTD/AIM/UIEB/reference-890/743_img_.png
/mnt/c/users/neezu/Desktop/Class/UTD/AIM/UIEB/raw-890/744_img_.png,/mnt/c/users/neezu/Desktop/Class/UTD/AIM/UIEB/reference-890/744_img_.png
/mnt/c/users/neezu/Desktop/Class/UTD/AIM/UIEB/raw-890/745_img_.png,/mnt/c/users/neezu/Desktop/Class/UTD/AIM/UIEB/reference-890/745_img_.png
/mnt/c/users/neezu/Desktop/Class/UTD/AIM/UIEB/raw-890/746_img_.png,/mnt/c/users/neezu/Desktop/Class/UTD/AIM/UIEB/reference-890/746_img_.png
/mnt/c/users/neezu/Desktop/Class/UTD/AIM/UIEB/raw-890/747_img_.png,/mnt/c/users/neezu/Desktop/Class/UTD/AIM/UIEB/reference-890/747_img_.png
/mnt/c/users/neezu/Desktop/Class/UTD/AIM/UIEB/raw-890/748_img_.png,/mnt/c/users/neezu/Desktop/Class/UTD/AIM/UIEB/reference-890/748_img_.png
/mnt/c/users/neezu/Desktop/Class/UTD/AIM/UIEB/raw-890/749_img_.png,/mnt/c/users/neezu/Desktop/Class/UTD/AIM/UIEB/reference-890/749_img_.png
/mnt/c/users/neezu/Desktop/Class/UTD/AIM/UIEB/raw-890/74_img_.png,/mnt/c/users/neezu/Desktop/Class/UTD/AIM/UIEB/reference-890/74_img_.png
/mnt/c/users/neezu/Desktop/Class/UTD/AIM/UIEB/raw-890/750_img_.png,/mnt/c/users/neezu/Desktop/Class/UTD/AIM/UIEB/reference-890/750_img_.png
/mnt/c/users/neezu/Desktop/Class/UTD/AIM/UIEB/raw-890/751_img_.png,/mnt/c/users/neezu/Desktop/Class/UTD/AIM/UIEB/reference-890/751_img_.png
/mnt/c/users/neezu/Desktop/Class/UTD/AIM/UIEB/raw-890/752_img_.png,/mnt/c/users/neezu/Desktop/Class/UTD/AIM/UIEB/reference-890/752_img_.png
/mnt/c/users/neezu/Desktop/Class/UTD/AIM/UIEB/raw-890/753_img_.png,/mnt/c/users/neezu/Desktop/Class/UTD/AIM/UIEB/reference-890/753_img_.png
/mnt/c/users/neezu/Desktop/Class/UTD/AIM/UIEB/raw-890/754_img_.png,/mnt/c/users/neezu/Desktop/Class/UTD/AIM/UIEB/reference-890/754_img_.png
/mnt/c/users/neezu/Desktop/Class/UTD/AIM/UIEB/raw-890/756.png,/mnt/c/users/neezu/Desktop/Class/UTD/AIM/UIEB/reference-890/756.png
/mnt/c/users/neezu/Desktop/Class/UTD/AIM/UIEB/raw-890/756_img_.png,/mnt/c/users/neezu/Desktop/Class/UTD/AIM/UIEB/reference-890/756_img_.png
/mnt/c/users/neezu/Desktop/Class/UTD/AIM/UIEB/raw-890/757_img_.png,/mnt/c/users/neezu/Desktop/Class/UTD/AIM/UIEB/reference-890/757_img_.png
/mnt/c/users/neezu/Desktop/Class/UTD/AIM/UIEB/raw-890/758.png,/mnt/c/users/neezu/Desktop/Class/UTD/AIM/UIEB/reference-890/758.png
/mnt/c/users/neezu/Desktop/Class/UTD/AIM/UIEB/raw-890/758_img_.png,/mnt/c/users/neezu/Desktop/Class/UTD/AIM/UIEB/reference-890/758_img_.png
/mnt/c/users/neezu/Desktop/Class/UTD/AIM/UIEB/raw-890/759_img_.png,/mnt/c/users/neezu/Desktop/Class/UTD/AIM/UIEB/reference-890/759_img_.png
/mnt/c/users/neezu/Desktop/Class/UTD/AIM/UIEB/raw-890/760_img_.png,/mnt/c/users/neezu/Desktop/Class/UTD/AIM/UIEB/reference-890/760_img_.png
/mnt/c/users/neezu/Desktop/Class/UTD/AIM/UIEB/raw-890/762_img_.png,/mnt/c/users/neezu/Desktop/Class/UTD/AIM/UIEB/reference-890/762_img_.png
/mnt/c/users/neezu/Desktop/Class/UTD/AIM/UIEB/raw-890/763_img_.png,/mnt/c/users/neezu/Desktop/Class/UTD/AIM/UIEB/reference-890/763_img_.png
/mnt/c/users/neezu/Desktop/Class/UTD/AIM/UIEB/raw-890/7643.png,/mnt/c/users/neezu/Desktop/Class/UTD/AIM/UIEB/reference-890/7643.png
/mnt/c/users/neezu/Desktop/Class/UTD/AIM/UIEB/raw-890/764_img_.png,/mnt/c/users/neezu/Desktop/Class/UTD/AIM/UIEB/reference-890/764_img_.png